timestamp,open,high,low,close,volume,rsi,macd,macd_signal,macd_histogram,bb_middle,bb_upper,bb_lower,sma_20,ema_20,atr,price_change,volume_sma,volume_ratio,price_momentum_5,price_momentum_10,volatility,trend_5,trend_10,rsi_sentiment,macd_sentiment,sentiment_score,future_return_5,future_return_10,label
2026-04-08 01:00:00,71710.19,71758.6,71452.68,71476.97,621.6206,77.87925950196596,614.9844441773312,242.05374025573587,372.9307039215953,69238.9135,71893.63795624397,66584.18904375602,69238.9135,69762.10826958298,698.7785714285731,-0.0032522574546239857,1103.8087705,0.5631596854574911,0.03112520176533584,0.04853985955307527,0.007183377896486937,1,1,-1,1,0.19999999999999996,0.003577655851947803,0.0027722215980894305,1
2026-04-08 02:00:00,71476.98,71727.01,71240.99,71364.94,1153.76247,76.1627661372086,654.8410921460745,324.6221858627505,330.21890628332403,69378.743,72175.55346524972,66581.93253475029,69378.743,69917.59730016047,696.413571428572,-0.0015673579895734147,1137.0599005,1.0146892608671323,0.02055410421401338,0.04594680433047116,0.007186016599034118,1,1,-1,1,0.19999999999999996,0.0036803786284973494,0.009906965521164768,1
2026-04-08 03:00:00,71364.95,71479.97,71277.18,71287.39,441.23135,77.28698398182404,672.5849983521475,394.22214949824354,278.362848853904,69511.882,72409.24572443782,66614.51827556218,69511.882,70050.24455835934,679.7735714285726,-0.0010866680473633483,1143.730516,0.38578261559648724,-0.0031700046801965698,0.037574406007294,0.007215437848713804,-1,1,-1,1,-0.39999999999999997,0.0071907528105601415,0.004385347815371032,1
2026-04-08 04:00:00,71287.39,71676.77,71287.38,71566.18,721.11279,83.65196007206787,700.1940368505166,455.42173325350177,244.7723035970148,69643.35549999999,72666.72118952006,66619.98981047992,69643.35549999999,70196.80949766855,672.2571428571443,0.003910789832535455,1162.8394270000001,0.620131011433275,-0.00497801714081858,0.04563902006544751,0.007204668674137307,-1,1,-1,1,-0.39999999999999997,0.0015746264506504293,-0.009128613543436193,1
2026-04-08 05:00:00,71566.66,71831.6,71560.0,71731.1,821.79755,83.21698531852132,726.4975840844127,509.640593364094,216.85699072031866,69772.408,72924.70878933229,66620.1072106677,69772.408,70344.9350531339,653.3292857142868,0.002304440449385714,1182.0829039999999,0.6952114333259997,0.0002915903583577961,0.039411087664062094,0.007199925175608875,1,1,-1,1,0.19999999999999996,-0.0035426753528108312,-0.0058705359321131745,1
2026-04-08 06:00:00,71731.1,71941.42,71581.14,71732.69,811.19618,83.02614408665413,738.8936856657674,555.4937083054659,183.39997736030148,69947.146,73128.61096145799,66765.681038542,69947.146,70478.73892512146,652.6907142857152,2.216611762539955e-05,1177.6920859999998,0.6888015888390713,0.003577655851947803,0.0348142128775224,0.0062958362924264944,1,1,-1,1,0.19999999999999996,-0.0008025629597887551,-0.001820508892110384,1
2026-04-08 07:00:00,71732.7,71902.0,71573.04,71627.59,943.84918,79.61943960098934,731.9985208510916,590.7962084553346,141.20231239575696,70111.238,73283.45508551368,66939.02091448632,70111.238,70589.37779265728,618.9178571428586,-0.0014651618390444376,1194.949034,0.7898656370644842,0.0036803786284973494,0.024310129728387864,0.006356274550789615,1,1,-1,1,0.19999999999999996,0.006203754726356259,0.0036382628537412476,1
2026-04-08 08:00:00,71627.59,71831.08,71627.59,71800.0,501.15204,84.67507895557615,731.6045161875081,618.9588513266486,112.64566486085948,70281.629,73431.07041100334,67132.18758899666,70281.629,70705.84133240451,603.8000000000019,0.002407033379177026,1183.0727835,0.42360203614640923,0.0071907528105601415,0.00399795341030007,0.0063438618510116805,1,1,-1,1,0.19999999999999996,-0.0027853760445682996,-0.00975445682451248,1
2026-04-08 09:00:00,71799.99,71955.0,71588.75,71678.87,419.9995,80.35687461592718,713.5022297979303,637.8680541325471,75.63417566538328,70453.973,73506.92235918893,67401.02364081106,70453.973,70799.35795912243,577.0792857142878,-0.0016870473537604624,1162.9697035,0.3611439736873593,0.0015746264506504293,-0.00341122920763004,0.006319440104303931,1,-1,-1,1,0.19999999999999996,-0.010686412885694052,-0.005027841538238542,2
2026-04-08 10:00:00,71678.87,71790.0,71457.61,71476.98,514.219,75.16145810252603,675.4296074480808,645.3805323295159,30.04907511856493,70634.798,73460.94500589512,67808.65099410487,70634.798,70864.4267503532,563.395000000002,-0.0028165901610892607,1118.8756125,0.4595854930210127,-0.0035426753528108312,-0.0032521180044287057,0.006171435579128202,-1,-1,-1,1,-0.39999999999999997,-0.002336136753399387,-0.0014557134338916145,1
2026-04-08 11:00:00,71476.97,71739.67,71407.77,71675.12,779.27898,72.53428861757149,653.3562245353678,646.9756992294148,6.380525305953029,70810.149,73418.6964540997,68201.60154590031,70810.149,70942.21250541933,522.4707142857161,0.002772081305058016,1103.616792,0.7061137395234559,-0.0008025629597887551,0.0027722215980894305,0.0061552053124974415,-1,1,-1,1,-0.39999999999999997,-0.0010187635542150408,-0.0017262614977134882,1
2026-04-08 12:00:00,71675.12,72181.81,71581.76,72071.95,1226.00544,60.377786707146385,659.6284234953055,649.5062802002514,10.122143295054116,71002.247,73365.04452178896,68639.44947821104,71002.247,71050.53337348172,451.02000000000197,0.005536509740060369,1132.2038615,1.0828486650590707,0.006203754726356259,0.009906965521164768,0.006178006296667726,1,1,0,1,0.6,-0.0025496743185108306,-0.013973674917911905,2
2026-04-08 13:00:00,72071.95,72857.0,71510.0,71600.01,2821.31683,44.104350862134744,620.043578546567,643.6136725878296,-23.570094041262564,71146.957,73258.7402643884,69035.17373561159,71146.957,71103.18411561154,435.3700000000016,-0.00654817859097756,1215.8844715,2.320382319316429,-0.0027853760445682996,0.004385347815371032,0.0064275395649224425,-1,1,0,-1,-0.6,-0.006988546509979376,-0.007403350921319718,1
2026-04-08 14:00:00,71600.0,71751.42,70707.23,70912.88,1895.54834,37.62966732554071,528.0689714233886,620.5045212670508,-92.43554984366222,71270.4745,72963.74109245202,69577.20790754797,71270.4745,71084.95981395386,469.30214285714464,-0.009596786369163723,1279.141254,1.4818913345750009,-0.010686412885694052,-0.009128613543436193,0.006823873609070904,-1,-1,0,-1,-0.6,0.005719694362998462,-0.0013732343122998536,1
2026-04-08 15:00:00,70912.89,71349.05,70833.3,71310.0,873.16856,47.53482136793273,481.1751888453582,592.6384511511767,-111.46326230581849,71385.41,72703.49594114798,70067.32405885203,71385.41,71106.49925423754,484.2900000000009,0.005600111009452569,1253.5477175,0.6965578954915211,-0.002336136753399387,-0.0058705359321131745,0.006713746343623556,-1,-1,0,-1,-0.6,0.0008824849249753353,-0.005344411723461007,1
2026-04-08 16:00:00,71309.99,71699.0,71250.93,71602.1,757.94566,53.3246977547496,461.9093783833814,566.492483748121,-104.5831053647396,71499.5455,72390.48146824577,70608.60953175422,71499.5455,71153.91250812881,481.57928571428783,0.0040961996914878895,1236.5672614999999,0.6129433340169341,-0.0010187635542150408,-0.001820508892110384,0.006706152817481978,-1,-1,0,-1,-0.6,-0.000708219451664216,-0.007562068710275316,1
2026-04-08 17:00:00,71602.11,71963.94,71490.55,71888.19,682.09647,57.95723647614155,464.05730737702106,546.005352659579,-81.94804528255793,71597.573,72112.27528574475,71082.87071425526,71597.573,71224.12934379742,500.90785714285863,0.003995553203048452,1183.5703405,0.5763041254581016,-0.0025496743185108306,0.0036382628537412476,0.006521241799650078,-1,1,0,-1,-0.6,-0.0114532025357712,-0.012461017588563661,2
2026-04-08 18:00:00,71888.19,71888.2,71085.22,71099.63,703.75724,44.55594581033632,398.3207690224517,516.4683254210145,-118.14755639856276,71576.85,72137.06641859414,71016.63358140587,71576.85,71212.22846079095,530.4500000000013,-0.010969256563560736,1076.6749045000001,0.6536394942044458,-0.006988546509979376,-0.00975445682451248,0.00487457576704922,-1,-1,0,-1,-0.6,-0.0004177236927958017,-0.004467393149584664,1
2026-04-08 19:00:00,71099.63,71372.22,71019.0,71318.48,473.49397,45.245086289549256,359.5352968448278,485.0816257605091,-125.54632891568127,71546.563,72093.03390971194,71000.09209028805,71546.563,71222.38146538018,536.2800000000009,0.003078075089842036,915.8001419999998,0.5170276223870689,0.005719694362998462,-0.005027841538238542,0.004736289136611601,1,-1,0,-1,0.0,-0.007052590015939719,-0.004689948523860843,1
2026-04-08 20:00:00,71318.47,71481.7,71267.91,71372.93,226.24698,45.90412911511143,329.345388605725,453.9343037465334,-124.58891514080835,71529.7,72075.7252683948,70983.67473160519,71529.7,71236.76275093667,525.8164285714291,0.0007634767314166346,869.4399565,0.26022151191529697,0.0008824849249753353,-0.0014557134338916145,0.0047034521346984715,1,-1,0,-1,0.0,-0.006221406351119341,-0.0047789827319685285,1
2026-04-08 21:00:00,71372.94,71748.0,71330.86,71551.39,367.89907,49.146715639067466,316.03158282730146,426.3537067287597,-110.32212390145821,71533.421,72078.9473333075,70987.8946666925,71533.421,71266.80915701386,532.115,0.002500387752051081,856.75388,0.4294104509920632,-0.000708219451664216,-0.0017262614977134882,0.004684449255942409,-1,-1,0,-1,-0.6,-0.006858706728129271,-0.007957637161206899,1
2026-04-08 22:00:00,71551.4,71571.6,71064.84,71064.84,374.67564,42.3088189754019,263.53816578921396,393.7905486379559,-130.25238284874195,71518.416,72098.84677691925,70937.98522308074,71518.416,71247.52644087464,553.7771428571432,-0.006800007658831042,817.7995385,0.4581509555351748,-0.0114532025357712,-0.013973674917911905,0.004920449586251338,-1,-1,0,-1,-0.6,-0.0010194914953723933,0.00259861275984008,1
2026-04-08 23:00:00,71064.84,71204.0,70901.89,71069.93,517.86174,43.470792588780185,219.81103061515023,358.99460237368885,-139.18357175853862,71507.543,72113.76975959218,70901.31624040783,71507.543,71230.57466660725,549.1957142857146,7.162473031674388e-05,821.6310580000002,0.6302850104772938,-0.0004177236927958017,-0.007403350921319718,0.004916268333726362,-1,-1,0,-1,-0.6,-0.004051361806603593,0.006539333864547192,1
2026-04-09 00:00:00,71069.93,71133.71,70650.0,70815.5,677.85142,42.986466599091564,162.91083550505573,319.77781053624466,-156.86697503118893,71470.009,72149.4802948008,70790.53770519921,71470.009,71190.96377330311,560.0042857142865,-0.003579995083715315,819.4679894999999,0.8271847450851526,-0.007052590015939719,-0.0013732343122998536,0.004876500337288054,-1,-1,0,-1,-0.6,0.0023794225840387817,0.006509168190579784,1
2026-04-09 01:00:00,70815.5,70956.7,70466.0,70928.89,495.03665,41.94308344436072,125.45621324366948,280.9134605832948,-155.45724733962533,71429.8985,72138.55922497825,70721.23777502174,71429.8985,71165.9586901609,571.3471428571439,0.001601203126434081,803.1299445000001,0.6163842518761918,-0.006221406351119341,-0.005344411723461007,0.004857593723431345,-1,-1,0,-1,-0.6,0.0014514537024334917,0.003119744296012472,1
2026-04-09 02:00:00,70928.9,71198.8,70816.36,71060.64,664.15391,38.418107565204004,105.1220007903903,245.75514655548253,-140.63314576509222,71396.296,72108.22986698734,70684.36213301266,71396.296,71155.91173405258,555.8035714285725,0.0018574941747995233,795.777831,0.8345971502691937,-0.006858706728129271,-0.007562068710275316,0.0048862415088234395,-1,-1,0,-1,-0.6,-0.0011065197273765204,0.003081734135802927,1
2026-04-09 03:00:00,71060.64,71124.05,70845.27,70992.39,808.25356,42.33232884595,82.58240368902625,213.12058159415253,-130.53817790512628,71364.536,72089.57768845324,70639.49431154675,71364.536,71140.31491356135,479.50214285714384,-0.000960447302472911,788.99805,1.02440501595663,-0.0010194914953723933,-0.012461017588563661,0.004882073986097197,-1,-1,0,-1,-0.6,0.003621796646091191,-0.0026821184636832696,1
2026-04-09 04:00:00,70992.37,71006.13,70734.77,70782.0,304.15042,48.12249675797874,47.29641650945996,179.9557352537507,-132.65931874429074,71313.636,72052.75481866208,70574.51718133791,71313.636,71106.14345328798,424.3000000000008,-0.0029635570798504096,779.147969,0.39036284775324875,-0.004051361806603593,-0.004467393149584664,0.004865258589951299,-1,-1,0,-1,-0.6,0.010633776948941742,0.004827639795428329,0
2026-04-09 05:00:00,70781.99,71087.12,70689.38,70984.0,495.401,45.0461347694477,35.140935653907945,150.99276602544273,-115.85183037153479,71278.8925,72011.0171349707,70546.76786502931,71278.8925,71094.49648700301,415.8707142857144,0.0028538328953688907,782.918044,0.6327622716024668,0.0023794225840387817,-0.004689948523860843,0.00492250944850436,1,-1,0,-1,0.0,0.004119942522258446,0.01631339456779002,0
2026-04-09 06:00:00,70983.99,71082.71,70809.94,71031.84,538.94746,40.6395062538982,29.014640561304986,126.5971346602523,-97.58249409894731,71256.6355,71990.46748772531,70522.8035122747,71256.6355,71088.52258659806,403.34928571428566,0.0006739546940155439,784.1544670000001,0.6872975704160593,0.0014514537024334917,-0.0047789827319685285,0.004896946577291588,1,-1,0,-1,0.0,0.001665872656543943,0.014768447501852577,0
2026-04-09 07:00:00,71031.83,71116.0,70955.4,70982.01,922.88611,33.87488255559012,19.927447646667133,105.26319286939797,-85.33574522273084,71221.98,71937.84376231018,70506.11623768981,71221.98,71078.3683562066,381.00714285714326,-0.000701516390396173,791.3348235,1.1662397288649082,-0.0011065197273765204,-0.007957637161206899,0.004843529111773966,-1,-1,0,-1,-0.6,0.004192893382422014,0.019236986949228596,0
2026-04-09 08:00:00,70982.01,71380.0,70865.42,71249.51,562.42694,53.2742334344059,33.82932864163013,90.97641767294904,-57.14708903131891,71180.858,71775.33750196476,70586.37849803522,71180.858,71094.68235015802,360.4071428571437,0.003768560512727115,758.1558985,0.7418354735652036,0.003621796646091191,0.00259861275984008,0.004743141970605739,1,1,0,-1,0.0,-0.006281166003808236,0.008971009063781787,1
2026-04-09 09:00:00,71249.51,71575.0,71109.99,71534.68,512.0201,54.590038639548176,66.99383693546406,86.17990089403683,-19.186063958572774,71177.59150000001,71763.02271846027,70592.16028153975,71177.59150000001,71136.62128782034,368.39214285714326,0.004002413490282297,642.691062,0.7966815321915897,0.010633776948941742,0.006539333864547192,0.004627746061214391,1,1,0,-1,0.0,-0.005745045619830691,0.007851296741664626,1
2026-04-09 10:00:00,71534.69,71534.69,71276.44,71276.45,304.66693,48.11480022509855,71.68777610342659,83.28147563067498,-11.59369952724839,71195.76999999999,71769.04458239528,70622.4954176047,71195.76999999999,71149.94819810148,371.567857142858,-0.003609857484509593,563.1469915,0.541007826728308,0.004119942522258446,0.006509168190579784,0.0041451907224823985,1,1,0,-1,0.0,0.012143421845504543,0.01595926845402662,0
2026-04-09 11:00:00,71276.45,71350.0,71038.5,71150.17,446.85377,41.997047911596844,64.5081735937274,79.52681490695592,-15.018641313228514,71187.77849999999,71758.80000075701,70616.75699924296,71187.77849999999,71149.96933628475,364.0221428571437,-0.001771693174954736,541.831252,0.8247102180809608,0.001665872656543943,0.003119744296012472,0.003969760811657393,1,1,0,-1,0.0,0.013080783925041972,0.01566798786285406,0
2026-04-09 12:00:00,71150.17,71328.79,71040.0,71279.63,382.04593,54.9960225343204,68.44288314554433,77.31002840526247,-8.867145259718143,71171.655,71710.73539253946,70632.57460746054,71171.655,71162.32547714813,348.4528571428569,0.001819531843704647,523.0362655,0.7304387003352064,0.004192893382422014,0.003081734135802927,0.0038744579768405993,1,1,0,-1,0.0,0.014981278662641762,0.009348813959892732,0
2026-04-09 13:00:00,71279.63,71355.24,70629.3,70801.98,696.59545,44.890682144941074,32.75227061136684,68.39847636597341,-35.64620575460657,71117.3445,71563.29257861394,70671.39642138607,71117.3445,71127.98798725205,378.72642857142847,-0.00670107294328004,523.7612145,1.32998670141124,-0.006281166003808236,-0.0026821184636832696,0.003998430262379038,-1,-1,0,-1,-0.6,0.01534858205942835,0.013926022972803986,0
2026-04-09 14:00:00,70801.97,71250.39,70522.77,71123.71,873.72309,55.72993935608139,30.013452946790494,60.7214713509822,-30.708018404191705,71118.5485,71564.42522255491,70672.6717774451,71118.5485,71127.5803571855,396.1485714285705,0.004544081959289903,532.259507,1.641535902147822,-0.005745045619830691,0.004827639795428329,0.0033672264608302607,-1,1,0,-1,-0.6,0.013674905316384711,0.011800846721859548,0
2026-04-09 15:00:00,71123.71,72358.0,70929.44,72141.99,2048.75279,66.87504868738803,108.5544080400432,70.28805901892521,38.26634902111799,71159.724,71795.14846797437,70524.29953202563,71159.724,71224.23428652302,463.1385714285706,0.01431702592567241,611.0224479999999,3.3529910344635985,0.012143421845504543,0.01631339456779002,0.004611833995571303,1,1,0,1,0.6,0.003770065117416399,0.00022095315086234635,1
2026-04-09 16:00:00,72142.0,72399.0,71729.66,72080.87,1429.6831,64.47656318730421,163.9854548543226,89.02753870334521,74.95791615097738,71195.121,71948.48180844473,70441.76019155527,71195.121,71305.85186477436,483.6314285714273,-0.0008472181041860871,671.194254,2.1300586104242782,0.013080783925041972,0.014768447501852577,0.004622590843700692,1,1,0,1,0.6,0.0025537982546548488,-0.001602505630134532,1
2026-04-09 17:00:00,72080.86,72550.0,72062.38,72347.49,1415.90923,68.20343354557902,226.76730534051603,116.57549263919215,110.19181270132388,71234.926,72136.9952426308,70332.85675736921,71234.926,71405.09204757298,498.5485714285699,0.003698900970535046,723.594762,1.9567709778418767,0.014981278662641762,0.019236986949228596,0.00465747397217474,1,1,0,1,0.6,-0.005549328663648323,-0.006618336033496264,1
2026-04-09 18:00:00,72348.0,72380.7,71747.68,71888.69,560.32535,63.93637089441899,236.841642771411,140.6287230906197,96.21291968079129,71276.11850000001,72219.76808282665,70332.46891717338,71276.11850000001,71451.16434811018,524.3814285714273,-0.0063416159980118625,732.8772475,0.76455552674256,0.01534858205942835,0.008971009063781787,0.004620309505424186,1,1,0,1,0.6,-0.0014010548808164325,0.0031799160619006006,1
2026-04-09 19:00:00,71888.69,72300.0,71750.0,72096.32,607.89039,63.98743505007362,258.5674924888881,164.216477303681,94.3510151852071,71327.438,72333.45118642788,70321.42481357211,71327.438,71512.62627393566,535.2571428571422,0.002888215100316893,737.37868,0.8243937701046632,0.013674905316384711,0.007851296741664626,0.004646637779561153,1,1,0,1,0.6,-0.0018487767475511285,0.00043719291081689704,1
2026-04-09 20:00:00,72096.33,72458.31,71985.95,72413.97,497.89389,66.27586288109836,297.93818339057907,190.9608188234808,106.97736456709828,71407.3615,72492.96227741623,70321.76072258377,71407.3615,71598.49195603315,549.5135714285706,0.004405911425160003,728.3808035,0.6835626194533558,0.003770065117416399,0.01595926845402662,0.004599899750785602,1,1,0,1,0.6,-0.0035357818387806716,-0.008404317564690844,1
2026-04-09 21:00:00,72413.96,72700.0,72142.79,72264.95,771.79321,64.76293053848656,313.5183073187509,215.47231674427215,98.04599057447874,71474.1645,72599.49796828412,70348.83103171588,71474.1645,71661.97981958294,577.8428571428564,-0.0020578902109634756,742.2186315,1.0398461817648403,0.0025537982546548488,0.01566798786285406,0.004652500991507237,1,1,0,1,0.6,-0.004145716561071433,-0.010836512029690604,2
2026-04-09 22:00:00,72264.96,73145.0,71945.94,71946.01,1345.32358,57.92092944970856,296.7453343975503,231.72692039256245,65.01841400498787,71518.433,72644.92965427277,70391.93634572724,71518.433,71689.03635458286,626.7342857142846,-0.0044134812243002974,776.2771150000001,1.733045524599807,-0.005549328663648323,0.009348813959892732,0.004796755040473252,-1,1,0,1,0.0,-0.0010749727469250292,-0.004724931931596843,1
2026-04-09 23:00:00,71946.01,72025.53,71585.25,71787.97,795.83731,52.96630713557959,267.63160989758035,238.90785833514084,28.723751562439503,71558.212,72662.46277835529,70453.96122164471,71558.212,71698.46051049029,624.9678571428564,-0.002196647180295219,775.6563024999999,1.026017976563789,-0.0014010548808164325,0.013926022972803986,0.004826204926369315,-1,1,0,1,0.0,0.004587398139270338,-7.800749902808768e-06,1
2026-04-10 00:00:00,71787.98,72028.4,71573.35,71963.03,967.9743,58.20035926884961,255.71911484732118,242.2701096531498,13.449005194171377,71617.2635,72671.94104246465,70562.58595753535,71617.2635,71723.66221132595,639.0249999999984,0.0024385701392586334,808.8474964999999,1.1967327638257703,-0.0018487767475511285,0.011800846721859548,0.00476895971111064,-1,1,0,1,0.0,0.0022902037337781955,-0.0007356555164506062,1
2026-04-10 01:00:00,71963.04,72387.0,71673.48,72157.93,679.67117,61.84234647112724,259.0011052144109,245.61630877780084,13.384796436610088,71675.95999999999,72712.75967458535,70639.16032541463,71675.95999999999,71765.02788942441,667.7407142857129,0.002708335099286252,818.0610049999999,0.8308318888760625,-0.0035357818387806716,0.00022095315086234635,0.004765833533035661,-1,1,0,1,0.0,-0.004885810887313213,-0.00042046660706585026,1
2026-04-10 02:00:00,72157.93,72291.04,71921.59,71965.36,515.54191,57.94034752119602,243.27496691673878,245.14804040420037,-1.8730734874615962,71722.636,72720.66756166487,70724.60443833513,71722.636,71784.10999330765,673.5021428571417,-0.00266872954919839,816.8907274999999,0.6311026587090255,-0.004145716561071433,-0.001602505630134532,0.004829822323482055,-1,-1,0,-1,-0.6,-0.0067186490833922585,0.004075849825527111,1
2026-04-10 03:00:00,71965.36,72027.37,71813.73,71868.67,543.68867,63.54681804904684,220.47570206888486,240.21357272543557,-19.73787065655071,71766.96900000001,72703.34600463866,70830.59199536136,71766.96900000001,71792.16441768318,636.9092857142844,-0.0013435630697880008,797.9308555,0.6813731619130249,-0.0010749727469250292,-0.006618336033496264,0.004841496453327463,-1,-1,0,-1,-0.6,-0.0036538870136317847,0.006299406959945131,1
2026-04-10 04:00:00,71868.67,72212.84,71820.47,72117.29,734.17151,62.8570837021277,219.91518149942567,236.15389447253185,-16.238712973106175,71810.35800000001,72725.96741802843,70894.74858197158,71810.35800000001,71823.13255202878,612.9628571428558,0.0034593655343837515,806.518084,0.9102976418815178,0.004587398139270338,0.0031799160619006006,0.0048314368969968845,1,1,0,-1,0.0,-0.004574215143136828,0.010978088610928305,0
2026-04-10 05:00:00,72117.29,72267.89,72010.4,72127.84,408.69549,49.752294124031344,217.8104177157511,232.48519911560768,-14.674781399856585,71840.01599999999,72756.45331248856,70923.57868751141,71840.01599999999,71852.15552533187,529.3149999999993,0.00014628946817052402,801.3518535000001,0.5100075431472125,0.0022902037337781955,0.00043719291081689704,0.004765701445572783,1,1,0,-1,0.0,-0.003018945250544025,0.004612227400681901,1
2026-04-10 06:00:00,72127.84,72179.85,71792.01,71805.38,448.00931,45.58162659780931,187.9757178206637,223.5833028458105,-35.60758502514679,71866.4625,72744.13011129125,70988.79488870874,71866.4625,71847.70026668198,509.2078571428574,-0.004470673182504714,808.5189725,0.5541110663299865,-0.004885810887313213,-0.008404317564690844,0.004807749157429411,-1,-1,0,-1,-0.6,0.004487268224191432,0.016530098441091656,0
2026-04-10 07:00:00,71805.39,71837.59,71428.0,71481.85,702.39043,36.365555086534314,136.66876470230636,206.20039520022505,-69.53163049791868,71883.0465,72715.07361482272,71051.01938517728,71883.0465,71812.8542229992,503.634285714286,-0.004505651247859177,821.2958055000001,0.8552222296720349,-0.0067186490833922585,-0.010836512029690604,0.004909949058616101,-1,-1,0,-1,-0.6,0.010867513921365868,0.02294022888327585,0
2026-04-10 08:00:00,71481.85,71769.41,71426.15,71606.07,624.89096,45.02408552474052,104.81636111934495,185.92358836829257,-81.10722724894762,71899.3685,72693.49889820805,71105.23810179194,71899.3685,71793.15887092773,482.93714285714356,0.0017377837870733437,833.438057,0.7497749289843144,-0.0036538870136317847,-0.004724931931596843,0.0049086022670388075,-1,-1,0,-1,-0.6,0.009989795557834524,0.020961910072707424,0
2026-04-10 09:00:00,71606.08,71873.0,71583.47,71787.41,281.02303,44.510394193894506,93.12326192793262,167.36352306868264,-74.24026114075002,71948.64,72556.53096078955,71340.74903921045,71948.64,71792.61131874919,464.3321428571435,0.0025324668704762576,812.659436,0.3458066411967436,-0.004574215143136828,-7.800749902808768e-06,0.004648763565863467,-1,-1,0,-1,-0.6,0.015623770240491996,0.020180418822743462,0
2026-04-10 10:00:00,71787.41,71928.29,71711.6,71910.09,238.63388,40.37890186434055,92.68155479588313,152.42712940669452,-59.74557461081139,71987.959,72457.07489150022,71518.84310849979,71987.959,71803.80051636531,446.0699999999997,0.001708934756108338,780.9049755,0.3055863229033812,-0.003018945250544025,-0.0007356555164506062,0.004567949300567201,-1,-1,0,-1,-0.6,0.007654280505002831,0.020186179714140273,0
2026-04-10 11:00:00,71910.1,72261.93,71903.69,72127.59,421.17579,47.4440847009787,108.62039794166049,143.66578311020194,-35.04538516854146,71987.239,72455.40272924904,71519.07527075097,71987.239,71834.63948472652,431.8578571428557,0.0030246103154647486,699.5261254999999,0.6020872911629375,0.004487268224191432,-0.00042046660706585026,0.003299884523608182,1,-1,0,-1,0.0,0.011989032213609363,0.014738881473788323,0
2026-04-10 12:00:00,72127.59,72458.0,72007.5,72258.68,733.4245,56.255276582974965,130.3222487867606,140.99707624466427,-10.67482745790366,71996.12950000001,72478.3228877367,71513.93611226333,71996.12950000001,71875.02651698825,378.3892857142845,0.0018174737295395538,664.7131955,1.1033698517874542,0.010867513921365868,0.004075849825527111,0.0033178268622146073,1,1,0,-1,0.0,0.011942925057584874,0.008557034255261886,0
2026-04-10 13:00:00,72258.69,72409.41,71899.51,72321.4,673.2668,61.09495700789959,150.84078156246687,142.9658173087261,7.874964253740785,71994.825,72473.14164537333,71516.50835462667,71994.825,71917.5403928432,383.3621428571423,0.0008679926065628951,627.581074,1.0727965324206066,0.009989795557834524,0.006299406959945131,0.0032163195378426246,1,1,0,1,0.6,0.010863589476973745,0.008867361527846507,0
2026-04-10 14:00:00,72321.39,73155.58,72258.0,72909.0,2362.6198,66.79353943056398,212.05164861855155,156.78298357350576,55.26866504504579,72045.84049999999,72671.45801060607,71420.22298939391,72045.84049999999,72011.96936877284,414.971428571429,0.008124842715987235,717.6957965,3.2919515643282717,0.015623770240491996,0.010978088610928305,0.003342407182000254,1,1,0,1,0.6,0.004486551728867472,-0.0011052133481463944,1
2026-04-10 15:00:00,72909.0,73289.96,72355.87,72460.51,1324.05053,54.92791671824009,221.82894543964358,169.79217594885333,52.03676949079025,72064.04999999999,72716.47994009768,71411.6200599023,72064.04999999999,72054.68926431157,430.7264285714295,-0.006151366772277789,753.5038035,1.7571915680449515,0.007654280505002831,0.004612227400681901,0.0036311069598148915,1,1,0,1,0.6,0.012436705179138308,0.006815850454268135,0
2026-04-10 16:00:00,72460.52,73069.4,72387.41,72992.33,733.09003,65.06125872977233,269.37010167831613,189.70776109734228,79.66234058097385,72092.968,72853.0847035764,71332.85129642359,72092.968,72143.99167325783,453.0507142857147,0.007339445996170868,765.2636104999999,0.9579575193978207,0.011989032213609363,0.016530098441091656,0.0038595329855793275,1,1,0,1,0.6,0.0027172718010233243,-0.00035291379244906107,1
2026-04-10 17:00:00,72992.32,73146.0,72802.96,73121.66,454.50524,68.20174610322645,313.8608365650289,214.53837619346933,99.32246037155954,72135.8035,73022.71113606806,71248.89586393193,72135.8035,72237.10604739032,462.29357142857145,0.001771829999124508,749.399212,0.6064928181429686,0.011942925057584874,0.02294022888327585,0.0038257691695852804,1,1,0,1,0.6,-0.003345930603873115,-0.00348774904727267,1
2026-04-10 18:00:00,73121.66,73159.81,72880.95,73107.07,597.01721,65.42713035237809,343.97765299357707,240.4262315556509,103.55142143792617,72193.8565,73175.40291802993,71212.31008197006,72193.8565,72319.96225689157,454.1857142857147,-0.00019953048111864824,711.9838935,0.8385262861286903,0.010863589476973745,0.020961910072707424,0.0036472086196690963,1,1,0,1,0.6,-0.0019747748063219106,-0.004117112065905593,1
2026-04-10 19:00:00,73107.07,73264.76,72900.0,73236.11,713.54118,66.65865001608353,373.94403571153816,267.12979238861084,106.81424332292733,72266.2635,73331.80033484452,71200.72666515548,72266.2635,72407.21680461927,461.8478571428568,0.001765082364810766,707.869087,1.0080129124214743,0.004486551728867472,0.020180418822743462,0.003582494272030929,1,1,0,1,0.6,-0.005566789388458782,-0.007016074447427689,1
2026-04-10 20:00:00,73236.11,73434.0,73051.97,73361.68,872.16866,74.8648355019299,403.1745494051138,294.33874379336436,108.83580561174944,72336.196,73497.24608797839,71175.1459120216,72336.196,72498.12030632596,461.43285714285594,0.0017145913402554225,703.078805,1.2404991500206013,0.012436705179138308,0.020186179714140273,0.0035708872720523472,1,1,-1,1,0.19999999999999996,-0.00555180851910686,-0.008174294808951932,1
2026-04-10 21:00:00,73361.68,73364.47,72934.53,73190.67,654.89865,78.70036949949616,407.8426465117227,317.03952433800583,90.80312217371687,72387.833,73605.95896892581,71169.70703107418,72387.833,72564.07889382128,462.88642857142776,-0.0023310534873246525,701.840179,0.9331164980225505,0.0027172718010233243,0.014738881473788323,0.0036191634693511464,1,1,-1,1,0.19999999999999996,-0.0030618656722228854,-0.006083972178421049,1
2026-04-10 22:00:00,73190.68,73244.03,72700.6,72877.0,798.3469,70.06868891029386,381.8356235886022,329.99874418856797,51.836879400034206,72433.415,73653.2030062142,71213.62699378579,72433.415,72593.88150643681,477.18428571428376,-0.004285655535056554,715.9804285,1.1150401159324428,-0.003345930603873115,0.008557034255261886,0.003715552224952505,-1,1,-1,1,-0.39999999999999997,-0.0001422945510928253,-0.0029204001262401746,1
2026-04-10 23:00:00,72877.01,72967.79,72791.96,72962.7,889.83693,69.13648190542561,363.9432777348702,336.7876508980141,27.15562683685613,72488.1165,73699.36238486828,71276.87061513173,72488.1165,72629.00771974877,469.06285714285434,0.0011759540046927253,733.2878414999999,1.2134892734342442,-0.0019747748063219106,0.008867361527846507,0.0036875031507779907,-1,1,0,1,0.0,-0.0021465762643103625,-0.0007618961469353369,1
2026-04-11 00:00:00,72962.71,72962.71,72787.94,72828.42,801.54149,64.89629867538719,335.06775976256176,336.4436726709161,-1.375912908354337,72523.673,73730.82822089299,71316.517779107,72523.673,72647.99967978633,466.0685714285698,-0.0018403924196883636,736.6563404999999,1.0880806231246984,-0.005566789388458782,-0.0011052133481463944,0.0036738739937923503,-1,-1,0,-1,-0.6,-0.0014573980871752656,0.0002099455130293304,1
2026-04-11 01:00:00,72828.42,72999.99,72670.0,72954.39,320.3002,63.8220189375703,318.67306495658704,332.88955112798806,-14.216486171401016,72565.0005,73771.69121866112,71358.30978133887,72565.0005,72677.18014720117,464.0507142857137,0.001729681901653235,732.236576,0.4374272065863042,-0.00555180851910686,0.006815850454268135,0.003682964563218256,-1,1,0,-1,-0.6,-0.0026371271146260478,-0.0006488985789614432,1
2026-04-11 02:00:00,72954.39,73094.89,72910.93,72966.57,288.43552,62.32411898453002,303.16800668228825,326.94524223876493,-23.777235556476683,72623.06,73786.83819177959,71459.2818082204,72623.06,72704.74145893533,445.01214285714275,0.00016695362677987546,724.2578864999999,0.3982497469152516,-0.0030618656722228854,-0.00035291379244906107,0.0034893854700195895,-1,-1,0,-1,-0.6,-0.003031388209696617,-0.00035742395455895526,1
2026-04-11 03:00:00,72966.58,73075.34,72814.42,72866.63,227.12944,59.370821431395164,279.59401606893516,317.4749970046929,-37.88098093575775,72692.299,73727.91615917288,71656.68184082712,72692.299,72720.1596042041,427.2278571428563,-0.0013696683289348144,700.494837,0.3242414190698739,-0.0001422945510928253,-0.00348774904727267,0.0033035450336595202,-1,-1,0,-1,-0.6,-0.0027785009406913197,-0.0028622155299345975,1
2026-04-11 04:00:00,72866.62,72954.28,72681.9,72806.08,298.14959,47.839757528944595,253.10856354048883,304.60171031173684,-51.49314677124801,72752.2995,73653.2277058303,71851.37129416969,72752.2995,72728.3425897868,382.5707142857136,-0.0008309702260143048,684.1577685,0.435790695841525,-0.0021465762643103625,-0.004117112065905593,0.003321803326828633,-1,-1,0,-1,-0.6,0.0013876588328887163,-0.0013928781772072352,1
2026-04-11 05:00:00,72806.08,72836.55,72679.08,72722.28,222.17067,56.48764529480296,222.7893876293674,288.23924577514566,-65.44985814577825,72799.04299999999,73577.92621935457,72020.15978064541,72799.04299999999,72727.7651944901,327.0978571428558,-0.0011510027733947492,681.2151504999999,0.32613876810715475,-0.0014573980871752656,-0.007016074447427689,0.003324938354775143,-1,-1,0,-1,-0.6,0.0016697771302001119,0.0018686157804732595,1
2026-04-11 06:00:00,72722.28,72771.32,72612.16,72762.0,590.44339,42.44992952437136,199.66428090746922,270.52425280150885,-70.85997189403963,72841.6385,73499.62230956687,72183.65469043313,72841.6385,72731.0256817557,289.75285714285667,0.0005461874957715107,698.8056260000001,0.8449322215388116,-0.0026371271146260478,-0.008174294808951932,0.003315644526233983,-1,-1,0,-1,-0.6,0.0019934856106209597,0.003742750336714229,1
2026-04-11 07:00:00,72762.01,72832.0,72672.56,72745.38,321.42327,36.681674028768725,177.94526734613464,252.00845571034907,-74.06318836421443,72872.528,73441.33006697243,72303.72593302758,72872.528,72732.39277091193,276.6385714285716,-0.00022841593139266703,693.818,0.46326741306798036,-0.003031388209696617,-0.006083972178421049,0.0032696168681206057,-1,-1,0,-1,-0.6,0.0026820947254657668,0.004819412586751115,1
2026-04-11 08:00:00,72745.38,72799.57,72638.44,72664.17,263.67236,35.02967700066215,152.4234622119402,232.09145701059424,-79.66799479865404,72892.8025,73394.41623085535,72391.18876914466,72892.8025,72725.89531587574,268.22928571428616,-0.001116359554380053,670.330393,0.39334686708737676,-0.0027785009406913197,-0.0029204001262401746,0.0032699803057823296,-1,-1,0,-1,-0.6,-8.394783839116293e-05,0.012161702252981188,0
2026-04-11 09:00:00,72664.16,72908.0,72617.75,72907.11,306.96352,39.674608953275275,150.068657634969,215.68689713542105,-65.61823950045206,72922.088,73345.53964851984,72498.63635148016,72922.088,72743.15397325602,262.9071428571437,0.0033433258784900666,652.015229,0.4707919483273297,0.0013876588328887163,-0.0007618961469353369,0.0033393209572561357,1,-1,0,-1,0.0,-0.002776683920127976,0.010699093682358107,0
2026-04-11 10:00:00,72907.12,72915.95,72760.9,72843.71,224.83128,33.08382157950133,141.45642628835049,200.84080296597205,-59.38437667762156,72918.82350000001,73343.70424969643,72493.9427503036,72918.82350000001,72752.73079596349,246.69428571428685,-0.0008695996865051292,545.125803,0.41243925487049454,0.0016697771302001119,0.0002099455130293304,0.0028090075860019723,1,1,0,-1,0.0,0.0001985071875112432,0.0061325816601047745,1
2026-04-11 11:00:00,72843.7,72912.0,72826.37,72907.05,109.63598,40.03667481662613,138.1492376891838,188.30248991059085,-50.15325222140706,72941.1505,73307.52815873257,72574.77284126743,72941.1505,72767.4279439026,222.10071428571558,0.0008695328670107472,484.4050755,0.22633119582166725,0.0019934856106209597,-0.0006488985789614432,0.002416483536840804,1,-1,0,-1,0.0,0.0017457845297539354,0.007132232068091993,1
2026-04-11 12:00:00,72907.05,72982.4,72814.97,72940.49,180.21756,52.77712166146168,136.65113913551613,177.97221975556036,-41.32108062004423,72938.5585,73304.14426577358,72572.97273422642,72938.5585,72783.91012655626,195.24357142857272,0.0004586662058059243,456.761452,0.39455509918993775,0.0026820947254657668,-0.00035742395455895526,0.0017650130725662644,1,-1,0,-1,0.0,0.0021316007062743836,0.005970894903502666,1
2026-04-11 13:00:00,72940.5,72940.5,72513.09,72658.07,493.97275,38.63159701748803,111.39250913441356,164.656277631315,-53.263768496901434,72915.379,73290.739424006,72540.018575994,72915.379,72771.92529860379,213.21357142857389,-0.0038719235365707316,458.73482749999994,1.0768154506428882,-8.394783839116293e-05,-0.0028622155299345975,0.0019065774453489448,-1,-1,0,-1,-0.6,0.012246678173532421,0.005300030677941159,0
2026-04-11 14:00:00,72658.07,72770.91,72609.27,72704.67,212.83973,45.058420451550575,94.05068875779398,150.53515985659723,-56.484471098803255,72895.259,73270.49504718895,72520.02295281106,72895.259,72765.52000596093,212.27571428571642,0.0006413602783557071,439.5259535,0.48424837783782887,-0.002776683920127976,-0.0013928781772072352,0.0019185207944219078,-1,-1,0,-1,-0.6,0.013513299764650544,0.005161841735888517,0
2026-04-11 15:00:00,72704.66,72896.03,72678.0,72858.17,246.74388,46.24040760827091,91.63624934780819,138.75537775483036,-47.119128407022174,72876.362,73215.66909279894,72537.05490720105,72876.362,72774.34384745917,204.2785714285731,0.002111281159793421,416.1860885,0.5928691198913055,0.0001985071875112432,0.0018686157804732595,0.0019393374297066363,1,1,0,-1,0.0,0.005932896749945682,-0.016669098331731358,2
2026-04-11 16:00:00,72858.18,73204.74,72812.94,73034.33,656.04744,52.34684547394069,102.75214602251071,131.554731408362,-28.802585385851273,72859.9945,73123.9429068755,72596.0460931245,72859.9945,72799.1045160354,219.12428571428714,0.0024178482660215384,405.3800275,1.618351658925772,0.0017457845297539354,0.003742750336714229,0.0019828514905168267,1,1,0,-1,0.0,0.0053770603495642,-0.01742988537034562,2
2026-04-11 17:00:00,73034.34,73169.04,72942.06,73095.97,269.56328,58.159591273286075,115.20709230573266,128.2852035878345,-13.078111282101844,72855.25950000001,73096.6660637653,72613.85293623473,72855.25950000001,72827.37750462505,216.70000000000124,0.0008439866566860577,386.113259,0.6981456184595826,0.0021316007062743836,0.004819412586751115,0.0019315204246542854,1,1,0,-1,0.0,0.0038311277625837636,-0.020558999353863183,2
2026-04-11 18:00:00,73095.97,73726.13,73032.61,73547.89,856.65701,70.64356518302901,159.70115734582942,134.56839433943597,25.132763006393446,72888.804,73281.78881381465,72495.81918618536,72888.804,72895.99792971218,246.78142857142979,0.006182556986383814,389.0287645,2.2020402812656283,0.012246678173532421,0.012161702252981188,0.002134686136731748,1,1,-1,1,0.19999999999999996,-0.0068626034003150815,-0.028299384251540105,2
2026-04-11 19:00:00,73547.9,73790.0,73472.38,73687.15,595.037,76.04701512280201,203.84974607233016,148.42466468601916,55.42508138631101,72925.02649999999,73456.0097746394,72394.04322536058,72925.02649999999,72971.3459321376,258.2207142857151,0.0018934601658864292,374.288768,1.5897805407828856,0.013513299764650544,0.010699093682358107,0.0021532917803973603,1,1,-1,1,0.19999999999999996,-0.008240106992874474,-0.026828965430200524,2
2026-04-11 20:00:00,73687.16,73689.97,73226.28,73290.43,395.49217,61.95992159951468,204.47013550405973,159.6337588496301,44.836376654429614,72948.12700000001,73501.15590763165,72395.09809236837,72948.12700000001,73001.73495892962,279.97285714285783,-0.005383842366002756,353.986302,1.1172527517745587,0.005932896749945682,0.0061325816601047745,0.0024771053312070655,1,1,0,1,0.6,-0.022468690659885437,-0.02213686016032379,2
2026-04-11 21:00:00,73290.43,73548.08,73200.48,73427.04,366.94025,64.63317247419654,213.52327712185797,170.41166250407787,43.111614617780106,72971.75950000001,73564.85896897849,72378.66003102154,72971.75950000001,73042.24028287827,293.4128571428581,0.0018639541342573285,356.31830449999995,1.0298102717874829,0.0053770603495642,0.007132232068091993,0.0024813078357428246,1,1,0,1,0.6,-0.02268496728180769,-0.023997154181892633,2
2026-04-11 22:00:00,73427.04,73574.0,73234.25,73376.01,431.15797,65.48164838319607,214.11224022692477,179.15177804864865,34.96046217827612,72992.2315,73612.23194747811,72372.23105252188,72992.2315,73074.02793316686,306.1714285714292,-0.0006949755839265048,363.454427,1.1862779429014905,0.0038311277625837636,0.005970894903502666,0.0024916766941273363,1,1,0,1,0.6,-0.024297042044123085,-0.023806145905180598,2
2026-04-11 23:00:00,73376.01,73376.01,72907.4,73043.16,391.57799,52.84755681508995,185.58238705742406,180.43789985040394,5.14448720702012,73001.058,73618.55080309669,72383.56519690332,73001.058,73071.08812513977,318.9114285714292,-0.0045362237603270295,371.6768545,1.0535441883427799,-0.0068626034003150815,0.005300030677941159,0.002694550032219269,-1,1,0,1,0.0,-0.021584909524724916,-0.02068941157529336,2
2026-04-12 00:00:00,73043.16,73117.32,72873.25,73079.96,390.45862,55.00044448395417,164.0505593706912,177.16043175446103,-13.10987238376984,73014.75200000001,73626.15608918833,72403.34791081169,73014.75200000001,73071.93306686862,325.27000000000095,0.0005038117189892777,376.292306,1.0376470998054368,-0.008240106992874474,0.005161841735888517,0.0026861577282084326,-1,1,0,-1,-0.6,-0.018743305278218658,-0.02226424316597886,2
2026-04-12 01:00:00,73079.96,73137.24,71310.0,71643.69,2072.10202,33.088546323911245,30.740395502842148,147.87642450413483,-117.13602900129268,72960.8225,73820.65410884676,72100.99089115323,72960.8225,72935.9097332499,449.6707142857153,-0.01965340429852458,468.7888735,4.420117748379111,-0.022468690659885437,-0.016669098331731358,0.005190997291390736,-1,-1,0,-1,-0.6,0.00033945766891663176,-0.0024445977028820787,1
2026-04-12 02:00:00,71643.69,71982.46,71352.47,71761.35,839.35622,34.56396749261668,-64.66943818815344,105.36725196567437,-170.0366901538278,72910.79000000001,73922.3925066661,71899.18749333391,72910.79000000001,72824.04676431249,482.71071428571616,0.0016422939689455518,481.234515,1.7441729423750914,-0.02268496728180769,-0.01742988537034562,0.005210971677927137,-1,-1,0,-1,-0.6,-0.0013426447523633422,-0.009438785641574632,1
2026-04-12 03:00:00,71761.35,71861.33,71593.18,71593.19,790.20901,35.629847942609985,-152.09787650682847,53.87422627117109,-205.97210277799957,72853.18049999999,74023.26330873733,71683.09769126265,72853.18049999999,72706.82218048602,471.33500000000225,-0.002343322693901473,504.6738020000001,1.5657817126001716,-0.024297042044123085,-0.020558999353863183,0.00522278927951222,-1,-1,0,-1,-0.6,0.000503120478358321,-0.009830124904337989,1
2026-04-12 04:00:00,71593.18,71685.31,71444.68,71466.53,611.50691,33.645158563261546,-228.9663075501012,-2.693880493085742,-226.27242705701545,72793.2985,74116.65571503248,71469.94128496753,72793.2985,72588.69899708201,476.97714285714545,-0.0017691626815343753,522.0655295,1.1713221338050435,-0.021584909524724916,-0.028299384251540105,0.005227008086354841,-1,-1,0,-1,-0.6,0.0009152536159233726,-0.010049319590583194,2
2026-04-12 05:00:00,71466.53,71781.0,71417.22,71710.2,667.76838,35.18905096493016,-267.1438789610547,-55.583880186681306,-211.5599987743734,72733.45300000001,74140.73276786972,71326.1732321303,72733.45300000001,72505.03234993006,487.3878571428598,0.003409568087326953,540.1057725,1.2363659379330185,-0.018743305278218658,-0.026828965430200524,0.00522980362354812,-1,-1,0,-1,-0.6,-0.0035881924747106497,-0.011409395037247139,2
2026-04-12 06:00:00,71710.19,71753.33,71633.77,71668.01,377.10612,31.740720150530194,-297.3762083661859,-103.94234582258349,-193.4338625436024,72674.66799999999,74158.68610846615,71190.64989153383,72674.66799999999,72425.31587013447,467.9421428571451,-0.0005883402918971381,547.7195145000001,0.6885022534649894,0.00033945766891663176,-0.02213686016032379,0.005230024981266753,1,-1,0,-1,0.0,-0.002783110623554297,-0.01021013420074024,2
2026-04-12 07:00:00,71668.01,71747.31,71588.57,71665.0,313.33908,30.57230755863047,-317.91369781296817,-146.73661622066132,-171.17708159230685,72612.5655,74158.30769685382,71066.82330314617,72612.5655,72352.90478103895,463.067857142859,-4.1999212758825344e-05,557.9046695,0.5616355214965628,-0.0013426447523633422,-0.023997154181892633,0.005218668328888438,-1,-1,0,-1,-0.6,-0.008107025744784835,-0.007318635317100419,1
2026-04-12 08:00:00,71664.99,71805.85,71595.0,71629.21,922.36362,20.63256884665782,-333.23635715995624,-184.03656440852095,-149.1997927514353,72547.00149999998,74144.54868310348,70949.45431689649,72547.00149999998,72283.98142218895,428.5914285714306,-0.0004994069629525866,595.0119725000001,1.5501597659028614,0.000503120478358321,-0.023806145905180598,0.005210455565983183,1,-1,1,-1,0.39999999999999997,-0.010328049129677774,-0.00686270307881387,2
2026-04-12 09:00:00,71629.21,71633.01,71488.45,71531.94,372.12981,16.582679265293862,-349.2030229168304,-217.06985611018328,-132.1331668066471,72490.695,74149.94980793698,70831.44019206303,72490.695,72212.35838600234,416.2300000000022,-0.0013579655562305781,588.9198255,0.6318853499015037,0.0009152536159233726,-0.02068941157529336,0.005164949903476247,1,-1,1,-1,0.39999999999999997,-0.010954547017737903,-0.006259581384204127,2
2026-04-12 10:00:00,71531.95,71682.72,71357.76,71452.89,274.78665,18.39478228563975,-364.03887849501916,-246.46366058715074,-117.57521790786842,72428.106,74146.75033832536,70709.46166167464,72428.106,72140.0280236913,406.32071428571675,-0.0011051007424096593,592.0171715,0.4641531753272802,-0.0035881924747106497,-0.02226424316597886,0.005154622529157826,-1,-1,1,-1,-0.19999999999999996,-0.007849367604305435,-0.0016438803245047984,1
2026-04-12 11:00:00,71452.89,71556.12,71412.57,71468.55,211.53603,14.852103500630179,-370.26459565982805,-271.22384760168643,-99.04074805814162,72358.625,74115.98532333755,70601.26467666245,72358.625,72076.07770385547,391.7457142857155,0.00021916538295374544,590.256779,0.3583796705535168,-0.002783110623554297,-0.0024445977028820787,0.0051145180065482,-1,-1,1,-1,-0.19999999999999996,-0.007447751493489085,-0.0014626013820064898,1
2026-04-12 12:00:00,71468.54,71500.0,71077.44,71084.01,608.12473,13.264285576904769,-401.59792547767574,-297.2986631768845,-104.29926230079127,72261.109,74076.09784727763,70446.12015272236,72261.109,71981.59502279782,397.6607142857153,-0.00538054850700076,587.8606434999999,1.0344709017758902,-0.008107025744784835,-0.009438785641574632,0.005141454153044926,-1,-1,1,-1,-0.19999999999999996,0.0007948341687533667,-0.002409543299540906,1
2026-04-12 13:00:00,71084.01,71146.03,70866.82,70889.42,708.82478,13.879422537668049,-437.092876987037,-325.25750593891513,-111.83537104812189,72150.7815,74019.553747003,70282.009252997,72150.7815,71877.57831153256,384.13214285714326,-0.0027374651486318236,609.8237185,1.1623437372090342,-0.010328049129677774,-0.009830124904337989,0.005123731421263726,-1,-1,1,-1,-0.19999999999999996,0.003501509816274506,-0.002093965502891759,1
2026-04-12 14:00:00,70889.42,71092.78,70700.0,70748.34,541.94034,12.217721026704794,-471.1753110559657,-354.4410669623254,-116.73424409364031,72010.804,73858.22194878415,70163.38605121586,72010.804,71770.03176598299,394.7542857142856,-0.0019901418293449824,594.087885,0.9122225072810565,-0.010954547017737903,-0.010049319590583194,0.004792377110466234,-1,-1,1,-1,-0.19999999999999996,0.004746966501263383,0.005997031167091604,1
2026-04-12 15:00:00,70748.34,70932.0,70604.07,70892.03,502.43194,29.039274520083552,-481.0462029555638,-379.76209416097316,-101.28410879459062,71871.04800000001,73603.85294718627,70138.24305281375,71871.04800000001,71686.41252225493,287.66071428571325,0.0020310017167894934,589.457632,0.852363109279413,-0.007849367604305435,-0.011409395037247139,0.004798243853698653,-1,-1,1,-1,-0.19999999999999996,0.006254581791493186,0.004310921834231651,1
2026-04-12 16:00:00,70892.04,70959.51,70821.05,70936.27,259.94883,26.009537101651787,-479.76870570966275,-399.76341647071115,-80.0052892389516,71753.34,73397.75465258666,70108.92534741333,71753.34,71614.97035569584,252.55142857142658,0.0006240475833461101,582.6804649999999,0.44612587106382573,-0.007447751493489085,-0.01021013420074024,0.0047579089111290185,-1,-1,1,-1,-0.19999999999999996,0.006030060503604107,0.0019294783895458245,1
2026-04-12 17:00:00,70936.27,71202.0,70900.0,71140.51,322.7326,37.10812904401697,-457.00784679863136,-411.2123025362952,-45.795544262336136,71639.0135,73101.3368718014,70176.6901281986,71639.0135,71569.7836428027,254.9692857142831,0.0028792041081380226,580.4700825,0.5559848986704667,0.0007948341687533667,-0.007318635317100419,0.004802247496811839,1,-1,0,-1,0.0,-0.0032018325423869287,-0.002312465851031953,1
2026-04-12 18:00:00,71140.51,71214.08,71056.2,71137.64,176.22609,39.923034028028866,-434.19613774490426,-415.8090695780171,-18.38706816688716,71527.095,72753.21891752045,70300.97108247955,71527.095,71528.62709521512,249.0585714285688,-4.034269644670463e-05,567.7234885,0.3104083124438139,0.003501509816274506,-0.00686270307881387,0.004810744955507955,1,-1,0,-1,0.0,-0.005575951071753349,-0.003476921640920283,1
2026-04-12 19:00:00,71137.65,71222.58,71078.76,71084.18,233.07874,28.28852449919536,-415.64019280405773,-415.77529422322516,0.13510141916742668,71429.146,72439.29396428206,70418.99803571793,71429.146,71486.29879096207,233.34714285714082,-0.0007515008931980871,559.7985259999999,0.41636183229249885,0.004746966501263383,-0.006259581384204127,0.00476072411334567,1,-1,1,1,1.0,0.0012441586862224074,-0.002888969106768724,1
2026-04-12 20:00:00,71084.18,71440.0,70956.83,71335.43,622.27061,39.92633606746064,-376.32281262347533,-407.88479790327517,31.561985279799842,71341.91949999999,71987.27886970204,70696.56013029793,71341.91949999999,71471.93033177132,259.3192857142837,0.0035345417222227837,571.3891255,1.0890487449432569,0.006254581791493186,-0.0016438803245047984,0.0048697399646682755,1,-1,0,1,0.6,-0.0019315787400453477,-0.004454588694565831,1
2026-04-12 21:00:00,71335.43,71452.0,71163.01,71364.02,234.93742,41.0225971174957,-338.9493467083812,-394.09770766429637,55.148360955915166,71327.936,71957.69512409023,70698.17687590978,71327.936,71461.6531554346,268.62285714285616,0.00040078261251119685,479.53089549999993,0.48993176916168074,0.006030060503604107,-0.0014626013820064898,0.00220449482936346,1,-1,0,1,0.6,-0.004076003565942732,-0.007708926711247455,1
2026-04-12 22:00:00,71364.03,71367.85,70505.88,70912.73,908.94869,32.87424348175277,-341.8056068937585,-383.63928751018875,41.83368061643023,71285.50499999999,71906.60320650725,70664.40679349273,71285.50499999999,71409.3747510158,315.1314285714273,-0.006323774921872527,483.01051900000004,1.8818403621557567,-0.0032018325423869287,-0.002409543299540906,0.0025482460263565616,-1,-1,0,1,0.0,0.0008922234414048269,-0.003272050025432627,1
2026-04-12 23:00:00,70912.73,70912.73,70571.66,70740.98,510.34077,31.743987444029102,-353.84897624999576,-377.68122525815016,23.832249008154406,71242.89450000001,71891.43918454522,70594.3498154548,71242.89450000001,71345.71809851793,329.1678571428555,-0.0024219910867907535,469.01710699999995,1.088106941907345,-0.005575951071753349,-0.002093965502891759,0.00255115142066515,-1,-1,0,1,0.0,0.0021107991435800333,0.000733662440073779,1
2026-04-13 00:00:00,70741.56,71262.63,70615.3,71172.62,546.73984,44.43663677254662,-324.81954064854654,-367.1088883362295,42.28934768768295,71228.199,71868.67661806184,70587.72138193814,71228.199,71329.23256308948,352.1942857142837,0.006101696640334886,465.77875349999994,1.1738187624309488,0.0012441586862224074,0.005997031167091604,0.002938278103907845,1,1,0,1,0.6,-0.004127991915992224,-0.0058553415625277605,1
2026-04-13 01:00:00,71172.63,71227.28,71027.26,71197.64,720.27854,44.64234154059131,-296.37814382844954,-352.96273943467355,56.58459560622401,71202.571,71801.51357736914,70603.62842263085,71202.571,71316.6999364952,356.2278571428563,0.00035153967916312645,468.4042615,1.537728409415848,-0.0019315787400453477,0.004310921834231651,0.002817538386617939,-1,1,0,1,0.0,-0.0025278927784684324,-0.0037636078948685148,1
2026-04-13 02:00:00,71197.64,71271.78,70986.71,71073.14,270.71272,49.760383738719185,-280.6490509110881,-338.5000017299565,57.8509508188684,71172.8275,71732.22631402443,70613.42868597557,71172.8275,71293.50374949133,346.4071428571416,-0.001748653466603689,463.0845915,0.5845858941735055,-0.004076003565942732,0.0019294783895458245,0.002834494564550752,-1,1,0,1,0.0,-0.0036477915566976993,2.4903922916541532e-05,1
2026-04-13 03:00:00,71073.14,71155.42,70917.27,70976.0,348.9161,51.99423243472335,-272.87643625657074,-325.3752886352794,52.49885237870865,71138.3775,71653.24583316919,70623.50916683082,71138.3775,71263.26529412085,343.47428571428463,-0.0013667610576935108,464.8634425,0.7505776279665183,0.0008922234414048269,-0.002312465851031953,0.002840844086098502,1,-1,0,1,0.6,-0.004160561316501443,0.009674396979260536,1
2026-04-13 04:00:00,70975.99,71144.0,70854.29,70890.3,584.47308,53.35542550274667,-270.51351919687295,-314.4029347475981,43.889415550725175,71101.432,71572.15398877944,70630.71001122057,71101.432,71227.7447866901,336.1121428571423,-0.0012074504057709712,447.9689155,1.3047179386267036,0.0021107991435800333,-0.003476921640920283,0.0028455186013034224,1,-1,0,1,0.6,-0.001374235967403159,0.021298400486385205,0
2026-04-13 05:00:00,70890.3,70920.0,70672.72,70878.82,533.46945,49.66694736205187,-266.4952346160717,-304.82139472129285,38.32616010522116,71068.77599999998,71502.94594821511,70634.60605178485,71068.77599999998,71194.51385189142,330.35142857142847,-0.00016194035009020613,456.0358974999999,1.169797055285544,-0.004127991915992224,-0.002888969106768724,0.0028394203687682716,-1,-1,0,1,0.0,-0.001734509688507857,0.013936039002906409,0
2026-04-13 06:00:00,70878.82,71106.54,70878.82,71017.66,697.01918,51.958590219321664,-249.2345002159709,-293.70401582022845,44.46951560425754,71047.0145,71441.98014980489,70652.04885019512,71047.0145,71177.67062664848,336.7271428571424,0.0019588362221605315,477.147524,1.460804352827366,-0.0025278927784684324,-0.004454588694565831,0.0028847740821098893,-1,-1,0,1,0.0,-0.0012388467882497034,0.0166817661973091,0
2026-04-13 07:00:00,71017.66,71067.91,70685.25,70813.88,859.13978,42.13814981875627,-249.12676108401502,-284.7885648729858,35.66180378897076,71014.28099999999,71368.56893921053,70659.99306078945,71014.28099999999,71143.02389796851,342.48857142857116,-0.0028694271255910175,509.5277115,1.6861492723737754,-0.0036477915566976993,-0.007708926711247455,0.0029376214102843387,-1,-1,0,1,0.0,0.003686141756390038,0.018852095097740662,0
2026-04-13 08:00:00,70813.88,70861.01,70566.99,70680.7,334.12518,39.65084570714169,-256.82731513532053,-279.1963149254527,22.368999790132193,70994.1155,71376.49060811351,70611.74039188649,70994.1155,71098.99304786097,352.2128571428558,-0.0018807047431945723,495.8277340000001,0.6738735191444534,-0.004160561316501443,-0.003272050025432627,0.002725400533473883,-1,-1,0,1,0.0,0.013892759975495439,0.024676609031885732,0
2026-04-13 09:00:00,70680.7,70910.68,70678.0,70792.88,250.58431,43.573338510550386,-250.98489425034495,-273.55403079043117,22.56913654008622,70989.2885,71379.58380408543,70598.99319591456,70989.2885,71069.83942264853,358.5599999999977,0.0015871376486085165,472.91571050000005,0.5298709779276829,-0.001374235967403159,0.000733662440073779,0.0026915883968865587,-1,1,0,1,0.0,0.022703836883031014,0.03573720973069605,0
2026-04-13 10:00:00,70792.89,70846.9,70688.28,70755.88,177.99631,35.87903064680445,-246.49883164271887,-268.1429909608887,21.64415931816984,70989.6655,71378.9942128265,70600.33678717351,70989.6655,71039.93852376252,335.3778571428546,-0.0005226514304828012,454.718509,0.391442851955692,-0.001734509688507857,-0.0058553415625277605,0.002656105341891711,-1,-1,0,1,0.0,0.015697776637079386,0.033827294636148864,0
2026-04-13 11:00:00,70755.89,70997.12,70736.29,70929.68,260.33899,40.11650662176283,-226.3106473214866,-259.7765222330083,33.46587491152167,70991.548,71379.24965271843,70603.84634728156,70991.548,71029.43771150189,333.3664285714258,0.0024563329577695914,442.6138615,0.5881853521661567,-0.0012388467882497034,-0.0037636078948685148,0.002674786672608028,-1,-1,0,1,0.0,0.017942841417020405,0.03172198154566619,0
2026-04-13 12:00:00,70929.68,71219.8,70758.5,71074.91,460.129,54.28766312049256,-196.32937788956042,-247.0870933643187,50.75771547475827,70998.48,71386.97703053876,70609.98296946123,70998.48,71033.76840582132,304.7471428571402,0.0020475208685561963,452.62287000000003,1.0165836295457187,0.003686141756390038,2.4903922916541532e-05,0.002710132341327021,1,1,0,1,0.6,0.0151102548001818,0.04997727046013822,0
2026-04-13 13:00:00,71074.92,71700.82,70818.57,71662.65,1544.74455,69.97351802811163,-123.71724906246527,-222.413124503948,98.69587544148274,71024.58699999998,71511.08576659606,70538.0882334039,71024.58699999998,71093.661893193,343.402857142855,0.008269303471506229,513.7234675,3.0069573374122722,0.013892759975495439,0.009674396979260536,0.003220823229840966,1,1,0,1,0.6,0.010636084487525954,0.03844875957001337,0
2026-04-13 14:00:00,71662.65,72401.0,71375.24,72400.15,2098.23774,73.48809264127911,-6.5857107721531065,-179.24764175758904,172.66193098543593,71087.7125,71872.29163601426,70303.13336398573,71087.7125,71218.08933609388,370.4335714285688,0.010291274464452549,609.8240499999999,3.4407264521627186,0.022703836883031014,0.021298400486385205,0.003906900949376038,1,1,-1,1,0.19999999999999996,0.012744034370094637,0.024360032403248022,0
2026-04-13 15:00:00,72400.15,72464.28,71652.65,71866.59,1342.3378,60.714754791567216,42.69593633891782,-134.85892613828767,177.5548624772055,71126.83300000001,71985.22322033254,70268.44277966749,71126.83300000001,71279.85130595198,414.11999999999745,-0.007369597991164323,665.287003,2.017682284408012,0.015697776637079386,0.013936039002906409,0.0043122415154178955,1,1,0,1,0.6,0.017849323308647413,0.03505704110908847,0
2026-04-13 16:00:00,71866.59,72437.25,71679.8,72202.36,1514.19404,66.94050226529453,107.60538242389157,-86.3660644258518,193.97144684974336,71170.1795,72151.65289801435,70188.70610198565,71170.1795,71367.70927921668,447.8614285714263,0.004672129288449733,709.8831745,2.13301863516699,0.017942841417020405,0.0166817661973091,0.00436082157277068,1,1,0,1,0.6,0.013536261141602557,0.029481307813207236,0
2026-04-13 17:00:00,72202.37,72600.0,72069.01,72148.87,1653.64723,67.82883636087247,152.96708531187323,-38.49943447830679,191.46651979018003,71209.422,72282.0566438875,70136.78735611252,71209.422,71442.1055401799,468.77857142857,-0.0007408345101185265,780.818665,2.1178377312483945,0.0151102548001818,0.018852095097740662,0.004371207284200108,1,1,0,1,0.6,0.03434800849964792,0.03181699172835284,0
2026-04-13 18:00:00,72148.87,72460.42,72053.78,72424.86,965.95939,72.05119067462932,208.77993497018178,10.95643941139094,197.82349555879085,71285.0285,72476.22653989233,70093.83046010767,71285.0285,71535.70120511543,477.1307142857123,0.003825285136136003,783.6692,1.2326111451107176,0.010636084487525954,0.024676609031885732,0.004111897672433482,1,1,-1,1,0.19999999999999996,0.02751997035272158,0.02710381490554492,0
2026-04-13 19:00:00,72424.86,73480.0,72298.93,73322.82,2632.95065,77.98887774219988,321.7607475298428,73.11730103508133,248.64344649476146,71414.12049999999,72884.05327300589,69944.18772699409,71414.12049999999,71705.90299855219,543.8299999999987,0.012398505154169515,889.799694,2.959037486475018,0.012744034370094637,0.03573720973069605,0.004738399338993738,1,1,-1,1,0.19999999999999996,0.011469826174170583,0.012101143954910576,0
2026-04-13 20:00:00,73322.0,73394.37,73007.08,73149.36,1081.57049,74.2203406777194,392.77443667197076,137.04872816245924,255.72570850951152,71512.95749999999,73168.61413716999,69857.30086282999,71512.95749999999,71843.37509644771,555.2278571428562,-0.0023657027921185625,916.5412264999999,1.1800565634458127,0.017849323308647413,0.033827294636148864,0.004712454336984148,1,1,-1,1,0.19999999999999996,0.0169059578921813,0.018774873765129207,0
2026-04-13 21:00:00,73149.36,73368.08,73072.85,73179.71,387.90227,77.9833507206879,446.3569593298889,198.9103743959452,247.4465849339437,71612.06100000002,73418.6514771247,69805.47052287533,71612.06100000002,71970.64508937261,548.9828571428558,0.0004149045186452316,899.922413,0.4310396811952721,0.013536261141602557,0.03172198154566619,0.004711746891475942,1,1,-1,1,0.19999999999999996,0.01573209295308753,0.018670339087159427,0
2026-04-13 22:00:00,73179.71,74746.61,73172.01,74627.04,3298.60756,85.60804567831711,598.7072989732405,278.8697593114043,319.8375396618362,71789.756,74022.10457388862,69557.40742611137,71789.756,72223.63508465652,640.4528571428569,0.019777749870831585,1051.317155,3.1375951056367954,0.03434800849964792,0.04997727046013822,0.006186324790008759,1,1,-1,1,0.19999999999999996,-0.002446968283882134,0.0016476601510659883,1
2026-04-13 23:00:00,74627.04,74900.0,74405.64,74417.99,1666.14205,82.1475888709755,694.5708838094579,362.0099842110151,332.5608995984428,71961.85549999999,74446.50759302781,69477.20340697217,71961.85549999999,72432.62126990697,659.144285714286,-0.002801263456248426,1117.1784525,1.4913839828109285,0.02751997035272158,0.03844875957001337,0.0062411097702683065,1,1,-1,1,0.19999999999999996,-0.0004050095951261268,0.0011020184769838792,1
2026-04-14 00:00:00,74418.0,74517.31,74102.39,74163.82,1276.45858,79.10083000307414,741.4866876294691,437.9053248947059,303.58136273476316,72125.5315,74740.81958602315,69510.24341397684,72125.5315,72597.49734146454,677.4514285714291,-0.003415437584379788,1151.7777275,1.1082507931201508,0.011469826174170583,0.024360032403248022,0.0063270127686910265,1,1,-1,1,0.19999999999999996,0.0006241587879372013,0.002510523325254699,1
2026-04-14 01:00:00,74163.82,74431.0,73954.86,74386.02,1065.1631,79.27216369118203,787.5194352637191,507.8281469685086,279.6912882952105,72300.8915,75031.96886688765,69569.81413311235,72300.8915,72767.83283464634,692.8307142857146,0.0029960700514077843,1178.3624100000002,0.9039350635769176,0.0169059578921813,0.03505704110908847,0.0063022584874209905,1,1,-1,1,0.19999999999999996,0.0018378453370673231,-0.00012771216957163656,1
2026-04-14 02:00:00,74386.03,74579.32,74283.2,74330.98,598.05117,78.00385646784005,810.2197441675235,568.3064664083116,241.91327775921184,72466.5575,75270.87348894376,69662.24151105623,72466.5575,72916.70399474811,681.0321428571436,-0.0007399239803393964,1173.4140095,0.5096676579264925,0.01573209295308753,0.029481307813207236,0.0063417910730317415,1,1,-1,1,0.19999999999999996,0.002892737321638972,0.001628123293948347,1
2026-04-14 03:00:00,74330.99,74496.9,74252.35,74444.43,646.36946,76.04994643512651,827.8217489165545,620.2095229099602,207.61222600659426,72648.085,75471.91166196406,69824.25833803596,72648.085,73062.20171085744,635.4821428571429,0.0015262815046970246,1162.7754935,0.5558850041244011,-0.002446968283882134,0.03181699172835284,0.0062283056557727815,-1,1,-1,1,-0.39999999999999997,0.004104672438220103,0.014527749087473785,0
2026-04-14 04:00:00,74444.44,74504.52,74351.55,74387.85,484.30563,71.33457839601596,827.6651245954854,661.7006432470653,165.96448134842012,72833.44249999999,75599.61090415777,70067.27409584221,72833.44249999999,73188.45392991001,573.1400000000004,-0.000760029998214562,1170.2845160000002,0.41383580093441136,-0.0004050095951261268,0.02710381490554492,0.006191550601998903,-1,1,-1,1,-0.39999999999999997,0.0015076386802412856,0.008412260873247313,1
2026-04-14 05:00:00,74387.85,74434.41,74150.6,74210.11,838.40961,77.23389222280588,803.9316491798818,690.1468444336286,113.78480474625314,73004.304,75659.70411203656,70348.90388796345,73004.304,73285.7545087383,535.4385714285714,-0.0023893686939466807,1199.675781,0.6988634956864234,0.0006241587879372013,0.012101143954910576,0.006288116793588465,1,1,-1,1,0.19999999999999996,0.0018851878807346623,0.014916565950380711,0
2026-04-14 06:00:00,74210.12,74550.0,74210.12,74522.73,614.57152,77.1107367102628,801.1137666211434,712.3402288711317,88.77353775001177,73192.6465,75707.18152759838,70678.11147240162,73192.6465,73403.5616991759,505.61285714285725,0.004212633561653467,1221.5045415,0.5031266762588619,0.0018378453370673231,0.018774873765129207,0.006262225115467536,1,1,-1,1,0.19999999999999996,-0.001961951742776913,0.0017373222907963726,1
2026-04-14 07:00:00,74522.72,74924.64,74430.92,74546.0,1456.55359,78.20677255301585,791.632817074249,728.1987465117552,63.434070562493844,73373.4625,75717.11552904225,71029.80947095774,73373.4625,73512.3653475366,502.9507142857141,0.00031225372446774813,1281.3152715,1.1367644032641968,0.002892737321638972,0.018670339087159427,0.006283406159432063,1,1,-1,1,0.19999999999999996,-0.0012609663831728568,0.002721809352614457,1
2026-04-14 08:00:00,74545.99,74910.0,74460.64,74750.0,938.29896,77.83118916408529,791.4567630573147,740.8503498208672,50.60641323644745,73557.217,75710.62642843783,71403.80757156218,73557.217,73630.23531508789,506.00214285714276,0.0027365653422048997,1305.2237695,0.7188797675355237,0.004104672438220103,0.0016476601510659883,0.00628263692347367,1,1,-1,1,0.19999999999999996,0.010380468227424888,-0.008786755852842831,0
2026-04-14 09:00:00,74750.0,74830.93,74435.12,74500.0,565.8647,66.67743379631992,762.3563658508065,745.1515530268551,17.20481282395133,73699.0845,75695.05389683729,71703.11510316271,73699.0845,73713.07004739759,449.9121428571421,-0.0033444816053511683,1256.2797770000002,0.45042888563508243,0.0015076386802412856,0.0011020184769838792,0.0062621511667764135,1,1,0,1,0.6,0.0068942281879194045,-0.003715704697986655,1
2026-04-14 10:00:00,74500.0,74617.92,74333.46,74350.01,540.18312,67.12381517432593,718.9040771241271,739.9020578463096,-20.997980722182547,73796.5775,75714.35423787322,71878.80076212678,73796.5775,73773.73099553832,442.56714285714196,-0.002013288590604123,1178.377046,0.45841279905582955,0.0018851878807346623,0.002510523325254699,0.0059996864986265695,1,1,0,-1,0.0,0.013006857699145113,-0.0033318085633075034,0
2026-04-14 11:00:00,74350.01,74450.63,74307.35,74376.52,653.35819,67.0877653878554,678.78237896059,727.6781220691657,-48.89574310857574,73922.074,75624.47881922426,72219.66918077573,73922.074,73831.1394723882,431.7135714285708,0.0003565567778673895,1143.9280654999998,0.5711532129552426,-0.001961951742776913,-0.00012771216957163656,0.005647316929178537,-1,-1,0,-1,-0.6,0.003706546098150243,-0.0013360399222767105,1
2026-04-14 12:00:00,74376.52,74485.06,74277.19,74452.0,513.51818,45.891272710201534,645.6337828198884,711.2692542193104,-65.63547139942193,74034.55600000001,75544.99174177574,72524.12025822428,74034.55600000001,73890.26904666497,334.0899999999986,0.0010148364026711931,1093.8942725000002,0.46944041385864366,-0.0012609663831728568,0.001628123293948347,0.005606197506838914,-1,1,0,-1,-0.6,0.00398780422285494,-0.005760087035942663,1
2026-04-14 13:00:00,74452.0,75532.94,74407.74,75525.94,3246.78739,68.49672286051032,697.9754134930263,708.6104860740536,-10.635072581027316,74203.4095,75574.91739650033,72831.90160349966,74203.4095,74046.0472332177,379.14999999999833,0.014424595712674071,1173.5512805,2.766634440223765,0.010380468227424888,0.014527749087473785,0.006266726458521327,1,1,0,-1,0.0,-0.018970303448060388,-0.01846239848189901,2
2026-04-14 14:00:00,75525.94,76038.0,75013.61,75013.62,4357.56106,63.061226999145205,690.1608561092871,704.9205600811003,-14.759703971813224,74332.8475,75465.43000651026,73200.26499348975,74332.8475,74138.19702080905,422.68357142856985,-0.006783364761828947,1343.131364,3.244329763116156,0.0068942281879194045,0.008412260873247313,0.006573055395358753,1,1,0,-1,0.0,-0.010537286428784598,-0.005935722072871519,2
2026-04-14 15:00:00,75013.61,75441.99,74564.34,75317.07,1661.60412,63.961324260209445,700.3800901237555,704.0124660896314,-3.6323759658758945,74432.56,75541.63420969271,73323.48579030728,74432.56,74250.47063818215,451.3628571428562,0.004045265379807095,1294.5640374999998,1.28352408368211,0.013006857699145113,0.014916565950380711,0.006111899630245457,1,1,0,-1,0.0,-0.016128880212679664,-0.009344362440015352,2
2026-04-14 16:00:00,75317.06,75688.0,74527.02,74652.2,1265.45725,54.07203452140092,647.367021889746,692.6833772496544,-45.31635535990847,74507.702,75440.31910975599,73575.08489024402,74507.702,74288.73057749763,513.1385714285695,-0.00882761371359786,1303.7583755,0.9706225277476653,0.003706546098150243,0.0017373222907963726,0.0064790064088772826,1,1,0,-1,0.0,-0.005023964464543562,-0.004423178419390106,1
2026-04-14 17:00:00,74652.2,74948.78,74244.63,74748.9,985.979,53.87615946143444,606.1691231400182,675.3805264277272,-69.211403287709,74586.1615,75282.4562892093,73889.86671079071,74586.1615,74332.55623688176,545.9671428571413,0.0012953402578892437,1333.662212,0.7393018945339962,0.00398780422285494,0.002721809352614457,0.006477546955025906,1,1,0,-1,0.0,-0.009709172977796277,-0.005390447217283323,1
2026-04-14 18:00:00,74748.89,74814.99,73795.47,74093.19,1613.97962,46.745239252419026,514.6763163791184,643.2396844180055,-128.56336803888712,74559.46900000001,75289.28882144915,73829.64917855087,74559.46900000001,74309.75945237064,607.8635714285701,-0.00877216922255697,1249.4308150000002,1.291771901751919,-0.018970303448060388,-0.008786755852842831,0.005150293346520835,-1,-1,0,-1,-0.6,0.0005177263929383447,0.0033362040425037875,1
2026-04-14 19:00:00,74093.18,74398.43,73882.79,74223.18,1054.69346,50.145907989774074,447.49823155632475,604.0913938456694,-156.5931622893446,74549.7285,75292.5824635799,73806.87453642009,74549.7285,74301.51379022497,624.422857142856,0.0017544122476031987,1218.8583855,0.8653125519314073,-0.010537286428784598,-0.003715704697986655,0.005136728398672109,-1,-1,0,-1,-0.6,0.004650568730685034,-0.0027172104455777113,1
2026-04-14 20:00:00,74223.3,74434.33,74015.53,74102.29,434.25271,45.09647502285917,380.1224888099241,559.2976128385203,-179.1751240285962,74546.652,75296.71004646888,73796.59395353112,74546.652,74282.54009588635,630.0592857142848,-0.0016287364675025007,1176.748092,0.36902775789671727,-0.016128880212679664,-0.0033318085633075034,0.005091712310689674,-1,-1,0,-1,-0.6,0.0068957383098418035,-0.0028429620731018623,1
2026-04-14 21:00:00,74102.28,74320.44,73951.64,74277.15,381.06364,46.97153001660387,336.95228950142337,514.8285481711009,-177.87625866967755,74541.2085,75297.72748808471,73784.68951191528,74541.2085,74282.02675342021,621.1364285714278,0.002359711150627053,1142.543119,0.3335223272216828,-0.005023964464543562,-0.0013360399222767105,0.005073769128633362,-1,-1,0,-1,-0.6,0.0006038196134343643,-0.007360540893127987,1
2026-04-14 22:00:00,74277.16,74373.19,73806.09,74023.15,638.74603,41.903575860325105,279.0274662140873,467.6683317796982,-188.64086556561085,74525.81700000001,75312.27813078184,73739.35586921818,74525.81700000001,74257.37182448957,629.5464285714281,-0.0034196250125374528,1144.577862,0.5580625409649937,-0.009709172977796277,-0.005760087035942663,0.005127735592825746,-1,-1,0,-1,-0.6,0.004361068125309453,0.0011801713382908474,1
2026-04-14 23:00:00,74023.16,74232.83,74001.08,74131.55,701.71447,45.76212702232064,239.11226204912236,421.9571178335831,-182.84485578446072,74510.17300000001,75315.6677093682,73704.67829063183,74510.17300000001,74245.38879357108,617.8278571428569,0.0014644067430258367,1147.3451125,0.6115984304591702,0.0005177263929383447,-0.01846239848189901,0.005126660972367856,1,-1,0,-1,0.0,0.0028170192043739384,-0.0016168554414416336,1
2026-04-15 00:00:00,74131.55,74677.19,74126.32,74568.36,874.99865,52.35599156655372,239.95997807726962,385.55768988232046,-145.59771180505084,74519.1985,75322.96552830852,73715.43147169148,74519.1985,74276.14795612231,636.8571428571429,0.005892362968263898,1166.8797635,0.7498618772644435,0.004650568730685034,-0.005935722072871519,0.005301120666303753,1,-1,0,-1,0.0,-0.0073336734239561885,-0.009435771418333516,1
2026-04-15 01:00:00,74568.37,74786.72,74500.0,74613.28,443.16738,52.544525980474276,241.47291778304498,356.7407354624654,-115.26781767942043,74539.35699999999,75330.6098567033,73748.10414329667,74539.35699999999,74308.25576985725,647.1028571428573,0.0006024002673519213,1147.1176520000001,0.3863312357083316,0.0068957383098418035,-0.009344362440015352,0.0052682620825378725,1,-1,0,-1,0.0,-0.00967200476912422,-0.005515104013655514,1
2026-04-15 02:00:00,74613.28,74697.47,74188.0,74322.0,506.95652,48.66478778342447,216.6704322463629,328.7266748192449,-112.05624257288201,74529.3205,75326.53118034551,73732.10981965449,74529.3205,74309.56474415775,668.6457142857149,-0.003903862690394999,1141.736902,0.44402219032419427,0.0006038196134343643,-0.004423178419390106,0.00526232363954348,1,-1,0,-1,0.0,-0.007959554371518629,-0.0006489330211780775,1
2026-04-15 03:00:00,74322.01,74372.84,74173.75,74345.97,317.62112,34.54796407703171,196.6812432975712,302.3175885149102,-105.636345217339,74519.31899999999,75320.65692427092,73717.98107572905,74519.31899999999,74313.03191138367,602.4950000000006,0.0003225155404860125,1084.7902785,0.2927949542829536,0.004361068125309453,-0.005390447217283323,0.00526236868045346,1,-1,0,-1,0.0,-0.0031670849139503465,-0.0037937496813882365,1
2026-04-15 04:00:00,74345.98,74434.51,74261.47,74340.38,660.47305,39.83463387529307,178.33289023424732,277.52064885877763,-99.18775862453032,74498.838,75296.28032484346,73701.39567515654,74498.838,74315.63649125384,541.6842857142858,-7.518901158998226e-05,1070.898983,0.6167463602867199,0.0028170192043739384,0.0033362040425037875,0.005219386462550284,1,1,0,-1,0.0,-0.004421419422392048,-0.0025365756806732254,1
2026-04-15 05:00:00,74340.38,74434.0,73864.01,74021.5,542.04465,30.528695139876078,136.48739757706062,249.31399860243422,-112.8266010253736,74474.913,75300.42653655208,73649.39946344792,74474.913,74287.62349206793,519.7085714285713,-0.00428945883784837,1069.7079804999998,0.5067220773155671,-0.0073336734239561885,-0.0027172104455777113,0.005252930878332585,-1,-1,0,-1,-0.6,-0.0021176279864634218,-0.0023968711793195263,1
2026-04-15 06:00:00,74021.5,74048.95,73855.49,73891.62,419.09008,36.37871255211534,91.78625857635052,217.8084505972175,-126.02219202086698,74451.9935,75316.63443432581,73587.35256567418,74451.9935,74249.90887375275,450.59999999999957,-0.0017546253453388783,1063.6533285,0.3940100301204482,-0.00967200476912422,-0.0028429620731018623,0.005248830870067846,-1,-1,0,-1,-0.6,0.004197498985676562,0.0006694940508815694,1
2026-04-15 07:00:00,73891.62,74016.67,73514.0,73730.43,1451.80452,32.171952513154764,42.859540815799846,182.81866864093396,-139.95912782513412,74419.68899999998,75342.52270927824,73496.85529072172,74419.68899999998,74200.4346952728,436.2085714285713,-0.0021814381657893067,1103.5756450000001,1.3155459950368873,-0.007959554371518629,-0.007360540893127987,0.005262882397359054,-1,-1,0,-1,-0.6,0.007369277515403283,0.005486472817261445,1
2026-04-15 08:00:00,73730.43,74181.9,73675.96,74110.51,532.83471,50.3355626680718,34.35798459623766,153.12653183199473,-118.76854723575707,74402.6145,75335.51282959567,73469.71617040432,74402.6145,74191.87043857588,399.5242857142844,0.005154995027154996,1104.5414715,0.4824035346326967,-0.0031670849139503465,0.0011801713382908474,0.005401999623480256,-1,1,0,-1,-0.6,-0.0006286557736546738,0.0037751730490047652,1
2026-04-15 09:00:00,74110.52,74176.49,73909.49,74011.69,363.2179,45.852437862071056,19.42260074755177,126.38574561510613,-106.96314486755436,74326.902,75109.64155823148,73544.16244176852,74326.902,74174.71039679898,381.7642857142845,-0.0013334141135986632,960.362997,0.3782089700817575,-0.004421419422392048,-0.0016168554414416336,0.004160820413129293,-1,-1,0,-1,-0.6,0.001893214436800461,0.013388560644946867,0
2026-04-15 10:00:00,74011.7,74250.0,73789.5,73864.75,548.88747,45.38868311319231,-4.221959732894902,100.26420454550593,-104.48616427840084,74269.45850000001,75007.3421767308,73531.57482326921,74269.45850000001,74145.19035899654,384.7428571428557,-0.001985362042131511,769.9293175,0.7129063116887999,-0.0021176279864634218,-0.009435771418333516,0.003942655791437903,-1,-1,0,-1,-0.6,-0.0002798357809374874,0.013225929824442595,0
2026-04-15 11:00:00,73864.76,74256.44,73864.76,74201.78,444.7329,48.623524813809766,4.186795885136235,81.048722813432,-76.86192692829576,74213.69399999999,74762.59538258308,73664.7926174169,74213.69399999999,74150.57984861791,386.37785714285565,0.004562798899339748,709.0857565,0.6271919805513678,0.004197498985676562,-0.005515104013655514,0.003977426597820586,1,-1,0,-1,0.0,-0.0035132580377452705,0.0072952427825856425,1
2026-04-15 12:00:00,74201.78,74466.1,74051.64,74273.77,567.44529,54.9030041709382,16.469931249928777,68.13296450073135,-51.66303325080257,74194.77249999999,74704.73671082946,73684.80828917053,74194.77249999999,74162.31224399156,375.47499999999854,0.0009701923592668749,674.1851585,0.841675736770168,0.007369277515403283,-0.0006489330211780775,0.003503811798898095,1,-1,0,-1,0.0,-0.0018690312878961723,0.009293051907826921,1
2026-04-15 13:00:00,74273.77,74434.51,73817.23,74063.92,676.35905,48.72743420780278,9.165608626397443,56.33949332586457,-47.17388469946712,74160.5235,74601.07502468435,73719.97197531564,74160.5235,74152.94155408477,403.0128571428556,-0.0028253581311411535,658.704161,1.0268024555563724,-0.0006286557736546738,-0.0037937496813882365,0.0035293294270457775,-1,-1,0,-1,-0.6,0.004406599056598681,0.010073325851507775,0
2026-04-15 14:00:00,74063.91,74506.84,73830.0,74151.81,757.76569,40.97716511213831,10.349565160679049,47.14150769282746,-36.79194253214841,74163.45449999999,74602.89843754718,73724.01056245281,74163.45449999999,74152.83378702906,412.0107142857128,0.0011866776697748715,615.8934645,1.2303518931073183,0.001893214436800461,-0.0025365756806732254,0.002948804679791107,1,-1,0,-1,0.0,0.01147362417721176,0.008945027774777348,0
2026-04-15 15:00:00,74151.81,74299.07,73580.85,73844.08,743.29132,35.0415383179316,-13.389038502165931,35.03539845382878,-48.424436955994715,74144.4995,74605.28240882808,73683.71659117193,74144.4995,74123.42866444757,442.8321428571414,-0.004149999844912711,600.3233575,1.2381515906617044,-0.0002798357809374874,-0.0023968711793195263,0.003061910799844598,-1,-1,0,-1,-0.6,0.013509546059751631,0.011017538575875063,0
2026-04-15 16:00:00,73844.07,74176.0,73762.89,73941.09,547.84936,41.987083745293084,-24.09638877522957,23.20904100801711,-47.30542978324668,74136.43950000001,74605.88906208496,73666.98993791506,74136.43950000001,74106.06307735344,435.9492857142842,0.00131371397680069,606.00319,0.9040370893097115,-0.0035132580377452705,0.0006694940508815694,0.0030629463615169756,-1,1,0,-1,-0.6,0.010846607752198478,0.012795997462304198,0
2026-04-15 17:00:00,73941.09,74242.0,73915.48,74134.95,593.44252,45.85705647219576,-16.74612081403029,15.218008643607629,-31.96412945763792,74129.3295,74594.08987191187,73664.56912808814,74129.3295,74108.81421284414,445.0514285714276,0.002621816908568775,616.622134,0.9624087220975431,-0.0018690312878961723,0.005486472817261445,0.0030745830902367466,-1,1,0,-1,-0.6,0.011182984543727459,0.010160659715829246,0
2026-04-15 18:00:00,74134.95,74399.75,74073.61,74390.29,407.09098,50.89236864784049,9.572477350506233,14.088902384987351,-4.516425034481118,74147.6865,74623.65579866341,73671.71720133658,74147.6865,74135.62143067343,455.9871428571423,0.0034442594215009503,605.0393815,0.672833855857034,0.004406599056598681,0.0037751730490047652,0.003066587858423662,1,1,0,-1,0.0,0.00564186535635236,0.007445326533879637,1
2026-04-15 19:00:00,74390.29,75281.0,74355.46,75002.6,1179.99077,65.8758155550953,78.92861439504486,27.056844786998862,51.871769608045994,74191.23899999999,74801.46371680657,73581.0142831934,74191.23899999999,74218.19081824204,481.38357142857006,0.008231047358465915,628.9531965,1.8761185674330223,0.01147362417721176,0.013388560644946867,0.0035435849681032085,1,1,0,1,0.6,-0.0024999133363377,0.0005450477716770763,1
2026-04-15 20:00:00,75002.6,75039.92,74512.06,74841.68,570.09892,65.2206372398235,119.53107404967886,45.55169063953487,73.979383410144,74204.905,74861.19369265025,73548.61630734974,74204.905,74277.57074032315,505.269285714285,-0.00214552562177861,613.70821,0.928941328648675,0.013509546059751631,0.013225929824442595,0.003361733826061974,1,1,0,1,0.6,-0.002458790342493522,0.002716801653837919,1
2026-04-15 21:00:00,74841.67,74855.16,74540.23,74743.1,310.66035,66.5558225840733,142.11600900626217,64.86455431288034,77.25145469338183,74211.396,74886.9755304396,73535.81646956039,74211.396,74321.9068602984,491.85928571428565,-0.001317180480181479,607.0828584999999,0.511726440057276,0.010846607752198478,0.0072952427825856425,0.003376658424577338,1,1,0,1,0.6,0.0019284723272114945,-0.0004825863524526852,1
2026-04-15 22:00:00,74743.1,75425.0,74740.02,74964.0,653.95001,64.71955766650464,175.81285497661156,87.0542144456266,88.75864053098496,74243.496,74997.64353830261,73489.34846169739,74243.496,74383.05858789655,504.6478571428576,0.002955456757881336,614.4325329999999,1.0643154046662437,0.011182984543727459,0.009293051907826921,0.00329680901450398,1,1,0,1,0.6,-0.0010110186222719308,-0.003816365188623827,1
2026-04-15 23:00:00,74964.01,74964.01,74620.95,74809.99,311.26846,63.51054035391765,187.9242547085305,107.22822249820739,80.69603221032311,74266.697,75061.56961125652,73471.82438874348,74266.697,74423.71872238712,510.08071428571463,-0.0020544528040125076,614.1148999999999,0.5068570392934613,0.00564186535635236,0.010073325851507775,0.003343600920425257,1,1,0,1,0.6,0.0017933433756640582,-0.0028869139001355126,1
2026-04-16 00:00:00,74809.99,74874.93,74451.49,74815.1,636.94865,66.89493089851497,195.67929146508686,124.91843629158329,70.76085517350357,74290.43299999999,75122.07126088499,73458.794739115,74290.43299999999,74460.99312978257,507.4335714285709,6.830638528354527e-05,612.93868,1.039171895629103,-0.0024999133363377,0.008945027774777348,0.0033428701852902167,-1,1,0,1,0.0,0.0030525923242765707,-0.006711212041419556,1
2026-04-16 01:00:00,74815.09,74815.09,74454.09,74657.66,240.65148,58.65724247419243,186.96589550292992,137.32792813385262,49.6379673690773,74322.241,75159.21564834358,73485.2663516564,74322.241,74479.72330790022,505.2421428571428,-0.0021043880179268948,597.8690214999999,0.4025153860560076,-0.002458790342493522,0.011017538575875063,0.0032175246246598783,-1,1,0,1,0.0,0.005188349058890873,-0.0011099999651744685,1
2026-04-16 02:00:00,74657.67,75267.85,74601.27,74887.24,589.65615,60.99199793587601,196.32256906936527,149.12685632095517,47.1957127484101,74372.022,75219.52329756106,73524.52070243894,74372.022,74518.53442143674,523.2507142857139,0.0030751030771658527,606.397325,0.9723923996531482,0.0019284723272114945,0.012795997462304198,0.00322593697005021,1,1,0,1,0.6,-0.002406417969202823,-0.003515151579895348,1
2026-04-16 03:00:00,74887.23,75159.26,74865.5,74888.21,470.71966,65.96440261073363,201.49338089737284,159.6001612362387,41.89321966113414,74429.91100000001,75250.63143640183,73609.19056359818,74429.91100000001,74553.74161939776,500.1421428571422,1.2952807447508263e-05,557.343082,0.8445779183458134,-0.0010110186222719308,0.010160659715829246,0.0031603448797009773,-1,1,0,1,0.0,-0.0028081856943836803,-0.014690964038264642,2
2026-04-16 04:00:00,74888.21,75174.38,74728.0,74944.15,513.51186,65.53790642036321,207.71081595451687,169.22229217989437,38.48852377462251,74471.59300000001,75308.52871818752,73634.6572818125,74471.59300000001,74590.92336993381,483.6807142857142,0.000746980065353231,556.3769395,0.9229567646377981,0.0017933433756640582,0.007445326533879637,0.0029885111704518906,1,1,0,1,0.6,-0.004671878992556278,-0.012953913013890928,2
2026-04-16 05:00:00,74944.15,75139.82,74900.0,75043.48,359.01217,75.61397514201512,218.13871150650084,179.0055760452157,39.13313546128515,74523.1825,75367.91927917728,73678.44572082271,74523.1825,74634.02400137132,449.509285714286,0.0013253869714981992,556.166653,0.6455118588348734,0.0030525923242765707,0.0005450477716770763,0.0029586674189888296,1,1,-1,1,0.19999999999999996,-0.009734090156799713,-0.00461452480615232,1
2026-04-16 06:00:00,75043.47,75115.12,74853.72,75045.01,604.84284,74.57721455860225,223.94485517630528,187.99343187143364,35.95142330487164,74582.1955,75397.65481174366,73766.73618825634,74582.1955,74673.1655250524,438.672857142857,2.0388180292263414e-05,558.9644215000001,1.0820775289720295,0.005188349058890873,0.002716801653837919,0.0028963102659057185,1,1,-1,1,0.19999999999999996,-0.006265839660758221,-0.011585580440324872,2
2026-04-16 07:00:00,75045.01,75082.78,74636.0,74707.03,708.0609,61.96850130128801,198.98038278864988,190.19082205487692,8.789560733772959,74607.45800000001,75404.39024897196,73810.52575102806,74607.45800000001,74676.39071314281,447.26285714285666,-0.004503697181198252,572.1308215,1.2375856594189794,-0.002406417969202823,-0.0004825863524526852,0.0029840636183119337,-1,-1,0,1,0.0,-0.0011114081231712314,-0.004869421257945872,1
2026-04-16 08:00:00,74707.02,74744.35,74500.0,74677.91,669.8621,56.64642375168717,174.8307775756257,187.1188131590267,-12.288035583401012,74627.66500000001,75409.32034750897,73846.00965249105,74627.66500000001,74676.53540712922,441.42071428571427,-0.0003897892875676101,577.251662,1.1604333847721344,-0.0028081856943836803,-0.003816365188623827,0.0029845285152129224,-1,-1,0,-1,-0.6,-0.011916241362405655,0.0046707252519520015,2
2026-04-16 09:00:00,74677.91,74901.5,74594.01,74594.02,316.26697,37.507490980248015,147.22569346809178,179.14018922083974,-31.914495752747968,74654.17,75389.94061662539,73918.3993833746,74654.17,74668.67679692611,397.2742857142865,-0.001123357630121169,559.247058,0.5655228140690549,-0.004671878992556278,-0.0028869139001355126,0.0029149086011058976,-1,-1,0,-1,-0.6,-0.00832090829801102,0.010040617196928059,0
2026-04-16 10:00:00,74594.02,74653.12,74277.34,74313.0,526.53069,34.94132391477717,101.50244322903745,163.6126400224793,-62.110196793441844,74662.2295,75378.09256980407,73946.36643019594,74662.2295,74634.80281626522,386.4114285714292,-0.0037673261207802344,547.685308,0.9613745015778296,-0.009734090156799713,-0.006711212041419556,0.0030484530547237195,-1,-1,0,-1,-0.6,0.005169889521349003,0.012251826732873061,0
2026-04-16 11:00:00,74312.99,74663.27,74285.0,74574.79,1174.6136,45.61375162226783,85.4061935201753,147.9713507220185,-62.56515720184322,74698.765,75305.00707367127,74092.52292632873,74698.765,74629.08730995406,390.9357142857147,0.0035228022014990312,569.251422,2.063435513034168,-0.006265839660758221,-0.0011099999651744685,0.002965401165762125,-1,-1,0,-1,-0.6,-0.005353283596239211,0.004819993458915706,1
2026-04-16 12:00:00,74574.8,74872.0,74574.79,74624.0,529.55969,40.268586998832134,75.7474657297571,133.52657372356623,-57.779107993809134,74732.9105,75225.79993836985,74240.02106163015,74732.9105,74628.60280424415,363.23785714285833,0.000659874469643329,568.3369385,0.9317706700494536,-0.0011114081231712314,-0.003515151579895348,0.0029595173672515374,-1,-1,0,-1,-0.6,-0.0037621944682675323,0.003268653516294906,1
2026-04-16 13:00:00,74624.01,75030.39,73309.85,73788.03,1828.93731,28.962320081683515,0.6298023643612396,106.94721945172522,-106.31741708736398,74715.56450000001,75310.84235959142,74120.2866404086,74715.56450000001,74548.5482514568,461.6292857142866,-0.011202428173241907,630.111678,2.9025605680014075,-0.011916241362405655,-0.014690964038264642,0.0038953963844101914,-1,-1,1,-1,-0.19999999999999996,0.016787004613078915,0.018516011336798144,0
2026-04-16 14:00:00,73788.03,74197.32,73426.94,73973.33,1331.31817,33.86838988605123,-43.44847873786057,76.86807981380805,-120.31655855166862,74694.71650000001,75362.72303772863,74026.70996227139,74694.71650000001,74493.7655608405,486.4107142857164,0.0025112474204826984,676.3230375,1.9684649142237742,-0.00832090829801102,-0.012953913013890928,0.0038544844227296027,-1,-1,0,-1,-0.6,0.01851559203837394,0.013135139380638927,0
2026-04-16 15:00:00,73973.33,74878.99,73934.44,74697.19,1520.20876,50.62242362596007,-19.7437878799974,57.54570627504696,-77.28949415504437,74679.44600000001,75331.59315708619,74027.29884291383,74679.44600000001,74513.13931695136,528.0921428571445,0.009785418609652874,693.333937,2.1926068794177604,0.005169889521349003,-0.00461452480615232,0.004045914145358529,1,-1,0,-1,0.0,0.007045512689299205,0.0007069877729002361,1
2026-04-16 16:00:00,74697.2,74932.0,74063.0,74175.57,762.35705,39.73808445781288,-42.55744822662382,37.5250753747128,-80.08252360133662,74646.14050000001,75330.63672195248,73961.64427804753,74646.14050000001,74480.98985819342,542.5507142857158,-0.006983127477753759,702.9468435000001,1.0845159303997924,-0.005353283596239211,-0.011585580440324872,0.00430490105214696,-1,-1,0,-1,-0.6,0.010228030603607108,0.007070117560269429,0
2026-04-16 17:00:00,74175.58,74438.31,73912.23,74343.25,751.1945,42.502421414105704,-46.57023120683152,20.70601405840393,-67.27624526523545,74626.148,75321.9836020444,73930.3123979556,74626.148,74467.87177646047,559.145000000002,0.0022605825610775288,724.973551,1.0361681456707377,-0.0037621944682675323,-0.004869421257945872,0.004340636099526238,-1,-1,0,-1,-0.6,0.007057399293143529,0.0036663718629466047,1
2026-04-16 18:00:00,74343.25,75089.0,74240.0,75026.71,780.63438,50.96861390599204,5.337590770839597,17.632329400891063,-12.294738630051466,74629.2835,75332.0597156101,73926.50728438991,74629.2835,74521.09446441749,587.9035714285731,0.009193302687197535,731.3077695,1.0674498652376208,0.016787004613078915,0.0046707252519520015,0.004785128321545374,1,1,0,-1,0.0,0.0017004610757953564,-0.003136482993856493,1
2026-04-16 19:00:00,75026.71,75410.71,74717.97,75342.99,1203.37407,53.343708344590404,71.17559829450329,28.34098317961351,42.83461511488978,74655.93350000001,75424.87208803846,73886.99491196156,74655.93350000001,74599.37022971224,620.2550000000016,0.004215565363322016,775.91305,1.5509135591932628,0.01851559203837394,0.010040617196928059,0.004844831458967,1,1,0,1,0.6,-0.005282641424238843,-0.009360127597803025,1
2026-04-16 20:00:00,75343.0,75534.76,75001.0,75223.47,661.71844,51.94117519089789,112.41260595366475,45.155307734423765,67.257298219241,74676.352,75483.80954642764,73868.89445357236,74676.352,74658.80830307378,639.7092857142873,-0.0015863453255572368,777.1515395,0.8514664211123266,0.007045512689299205,0.012251826732873061,0.004864274765408913,1,1,0,1,0.6,-0.006294179196997929,-0.003788046470071027,1
2026-04-16 21:00:00,75223.48,75286.51,74789.5,74934.24,451.58433,52.49793863169127,120.36726895165339,60.1976999778697,60.16956897378368,74690.18100000001,75505.7238968619,73874.63810313812,74690.18100000001,74685.03989325755,643.2971428571442,-0.0038449436060313813,787.698182,0.5732961435221391,0.010228030603607108,0.004819993458915706,0.004924442917069996,1,1,0,1,0.6,-0.003125940824915352,0.0018753776644695463,1
2026-04-16 22:00:00,74934.24,75117.0,74833.14,74867.92,232.35004,52.072015092199756,119.93736369461112,72.145632721218,47.791730973393115,74689.215,75503.82033143021,73874.60966856978,74689.215,74702.45704628083,646.1192857142867,-0.0008850426720816706,769.8328765,0.30181880651339005,0.007057399293143529,0.003268653516294906,0.004882036381901474,1,1,0,1,0.6,-0.0033672633085036763,0.01218759650328205,0
2026-04-16 23:00:00,74867.92,75177.76,74840.92,75154.29,224.77396,55.85122492757365,141.07806618248287,85.93211941347099,55.145946769011886,74702.519,75539.20036244568,73865.83763755432,74702.519,74745.48875615929,648.2157142857146,0.0038250027515120966,757.5355915,0.29671735892293055,0.0017004610757953564,0.018516011336798144,0.0049564802178138105,1,1,0,1,0.6,-0.004828732997144813,0.008325539367080914,1
2026-04-17 00:00:00,75154.28,75154.77,74886.82,74944.98,796.37355,56.700495343432415,139.33647340913012,96.61299021260282,42.7234831965273,74702.56049999999,75539.29240671788,73865.8285932821,74702.56049999999,74764.48792223952,640.5135714285716,-0.002785070552858593,771.678676,1.0320014985097243,-0.005282641424238843,0.013135139380638927,0.004998301743586112,-1,1,0,1,0.0,-0.004099140462776707,0.00445380064148404,1
2026-04-17 01:00:00,74944.99,75034.49,74569.99,74750.0,407.29847,51.884339153085286,120.83013753636624,101.45641967735553,19.37371785901071,74687.8865,75509.60347302261,73866.16952697738,74687.8865,74763.10812012147,646.672857142857,-0.002601641897829521,774.092991,0.5261621985155012,-0.006294179196997929,0.0007069877729002361,0.005021091109088767,-1,1,0,1,0.0,0.0025220066889632964,0.011233444816053373,0
2026-04-17 02:00:00,74750.0,74802.98,74529.4,74700.0,235.53372,50.817221875739264,100.9652859364287,101.35819292917017,-0.392906992741473,74670.636,75475.09033228194,73866.18166771806,74670.636,74757.097822967,644.9849999999996,-0.0006688963210702559,755.6275350000001,0.3117061106038175,-0.003125940824915352,0.007070117560269429,0.0050219803932536125,-1,1,0,-1,-0.6,0.0050170013386880985,0.020522757697456484,0
2026-04-17 03:00:00,74700.0,74839.31,74606.12,74615.82,721.66261,60.61783787527816,77.53584055726242,96.59372245478863,-19.057881897526215,74666.0755,75470.6952503848,73861.45574961521,74666.0755,74743.64279220815,538.7457142857145,-0.0011269076305220338,756.3076205,0.9541919060962311,-0.0033672633085036763,0.0036663718629466047,0.004926175463771365,-1,1,0,-1,-0.6,0.015607414084573445,0.03651102406969442,0
2026-04-17 04:00:00,74615.82,74871.11,74589.88,74791.39,213.9543,60.519290810054606,72.30142217467073,91.73526239876506,-19.433840224094325,74671.7495,75478.31874665937,73865.18025334064,74671.7495,74748.19014533122,503.8064285714281,0.0023529862702036386,733.5122305,0.29168470695322646,-0.004828732997144813,-0.003136482993856493,0.004954302692883296,-1,-1,0,-1,-0.6,0.01321809903519644,0.04138684947558802,0
2026-04-17 05:00:00,74791.39,74801.13,74555.12,74637.77,241.61979,49.104618852730766,55.121847430593334,84.41257940513073,-29.290731974537394,74673.937,75479.85567018088,73868.01832981913,74673.937,74737.6739410139,453.9107142857143,-0.002053979742855372,729.7798715,0.33108585127645573,-0.004099140462776707,-0.009360127597803025,0.0049706178924806945,-1,-1,0,-1,-0.6,0.008588145117411683,0.042166988643953296,0
2026-04-17 06:00:00,74637.77,74950.0,74604.62,74938.52,276.57366,62.31649162003964,65.02535039283975,80.53513360267254,-15.50978320983279,74705.213,75500.6358496637,73909.79015033631,74705.213,74756.80213710791,416.509285714286,0.004029461223185038,717.28202,0.38558565848339543,0.0025220066889632964,-0.003788046470071027,0.004961949672096483,1,-1,0,-1,0.0,0.00868952309172899,0.038946859372189335,0
2026-04-17 07:00:00,74938.53,75089.51,74930.0,75074.77,607.34373,61.930172481277694,82.91242135071661,81.01059115228136,1.901830198435249,74730.212,75539.67919171428,73920.74480828572,74730.212,74787.0847907168,390.3257142857141,0.0018181570706226058,688.9185265,0.8815900670948208,0.0050170013386880985,0.0018753776644695463,0.004920511605766071,1,1,0,1,0.6,0.015428352294652337,0.032578454785808786,0
2026-04-17 08:00:00,75074.76,75881.95,74993.24,75780.38,1494.62708,62.20324547683128,152.2696145009104,95.26239582200718,57.007218678903214,74788.031,75721.28647839166,73854.77552160835,74788.031,74881.68433445845,393.1621428571421,0.00939876339281498,737.1718960000001,2.027515004451553,0.015607414084573445,0.01218759650328205,0.005321548958233119,1,1,0,1,0.6,0.020582372376596547,0.01820405228899613,0
2026-04-17 09:00:00,75780.38,76370.25,75518.78,75779.99,2004.70646,57.88211103495552,204.84291836927878,117.1785003314615,87.66441803781727,74887.629,75796.37862313494,73978.87937686506,74887.629,74967.23725498654,404.499999999999,-5.146450835935568e-06,745.9603535,2.687416899026927,0.01321809903519644,0.008325539367080914,0.0045234439304430475,1,1,0,1,0.6,0.027801270493701624,0.02129308805662289,0
2026-04-17 10:00:00,75779.99,75886.01,75095.93,75278.77,1050.31882,50.87672014712416,203.71507480638684,134.4858152264466,69.22925957994025,74952.901,75767.82919950459,74137.97280049541,74952.901,74996.90704022601,422.8085714285709,-0.006614147085530098,731.910386,1.4350374582606347,0.008588145117411683,0.00445380064148404,0.004847937246172637,1,1,0,1,0.6,0.03329291910587795,0.0273499420885861,0
2026-04-17 11:00:00,75278.77,75609.77,75246.65,75589.7,429.61331,60.32057943630921,225.31343010436103,152.65133820202948,72.66209190233155,74997.5265,75850.36189536336,74144.69110463666,74997.5265,75053.36351258561,413.2450000000005,0.004130380982579673,677.3806135,0.6342273478719804,0.00868952309172899,0.011233444816053373,0.004450174781757418,1,1,0,1,0.6,0.029996679441775864,0.02455400669667962,0
2026-04-17 12:00:00,75589.7,76265.82,75531.97,76233.05,1128.91448,68.18946150996814,290.9889114853722,180.31885285869805,110.67005862667418,75100.4005,76028.78944284283,74172.01155715718,75100.4005,75165.71460662539,445.3871428571438,0.008511080213309485,695.7084849999999,1.6226832133576754,0.015428352294652337,0.020522757697456484,0.004408413381658468,1,1,0,1,0.6,0.016889524950136403,0.01401229519217706,0
2026-04-17 13:00:00,76233.06,77417.61,76061.57,77340.12,5123.01639,73.89809828064648,427.44122401840286,229.74332709063904,197.69789692776382,75250.244,76555.13832585655,73945.34967414346,75250.244,75372.80083456634,518.1871428571436,0.014522179028649607,914.2995794999999,5.603214203381355,0.020582372376596547,0.03651102406969442,0.005300036440381471,1,1,-1,1,0.19999999999999996,-0.002330355836013598,-0.00346676472702645,1
2026-04-17 14:00:00,77340.11,78052.49,77015.39,77886.77,3617.10048,79.95365100181874,573.0845887877804,298.4115794300673,274.67300935771306,75393.247,77145.260184713,73641.233815287,75393.247,75612.22646937009,573.1264285714299,0.007068129710685822,1056.1228845,3.4248859986709244,0.027801270493701624,0.04138684947558802,0.0051676962917081,1,1,-1,1,0.19999999999999996,-0.006332140875786818,-0.009228396555666651,1
2026-04-17 15:00:00,77886.77,77999.0,77444.44,77785.02,1975.14451,81.50099432466897,672.5449504922726,373.2382536425084,299.3066968497642,75515.3485,77567.31752811463,73463.37947188536,75515.3485,75819.15918657335,579.5592857142868,-0.0013063836130321471,1094.7114065,1.8042604637827897,0.03329291910587795,0.042166988643953296,0.005184111269399225,1,1,-1,1,0.19999999999999996,-0.0057514930252637875,-0.007288678462768261,1
2026-04-17 16:00:00,77785.03,78333.0,77705.2,77857.14,1402.18359,82.61872192352054,748.5585677694762,448.3023164679021,300.25625130157414,75647.03199999999,77943.58427751179,73350.47972248819,75647.03199999999,76013.25259737624,604.8607142857155,0.0009271708100093701,1131.734664,1.2389684919998174,0.029996679441775864,0.038946859372189335,0.005132787017649752,1,1,-1,1,0.19999999999999996,-0.005284165331529089,-0.007252000266128378,1
2026-04-17 17:00:00,77857.15,77917.77,77101.49,77520.59,1173.45635,78.52383131408547,772.7355207244545,513.1889573192126,259.54656340524195,75776.3495,78192.08347602429,73360.6155239757,75776.3495,76156.8085404835,646.510000000001,-0.004322660709088488,1167.828265,1.0048192745189293,0.016889524950136403,0.032578454785808786,0.005161151432379763,1,1,-1,1,0.19999999999999996,-0.0028294418295835566,-0.006644944265774999,1
2026-04-17 18:00:00,77520.59,77565.63,77088.23,77159.89,637.39265,72.44189836572576,754.0976859292277,561.3707030412156,192.72698288801212,75890.948,78342.42207378052,73439.47392621949,75890.948,76252.34010805664,660.5221428571448,-0.004652957362682564,1188.0803955,0.5364894938206226,-0.002330355836013598,0.01820405228899613,0.005326993726268902,-1,1,-1,1,-0.39999999999999997,-0.0011390633138538275,-0.0007665899990265679,1
2026-04-17 19:00:00,77159.88,77473.44,77000.0,77393.58,652.45495,75.72143519823483,749.5436251962965,599.0052874722318,150.53833772406472,76002.9125,78516.48455760792,73489.34044239209,76002.9125,76361.0296215752,676.7671428571442,0.003028646100972976,1209.464445,0.5394577349481323,-0.006332140875786818,0.02129308805662289,0.005311830253681717,-1,1,-1,1,-0.39999999999999997,-0.002914712047174972,-0.0033454971329662797,1
2026-04-17 20:00:00,77393.58,77611.68,77160.12,77337.64,357.23206,73.46456138429092,732.9713710605574,625.7985041898969,107.17286687066053,76122.54550000001,78651.81610643178,73593.27489356823,76122.54550000001,76454.04013380625,684.3514285714294,-0.0007227989711808824,1187.5073705,0.30082513075231476,-0.0057514930252637875,0.0273499420885861,0.005244214765773309,-1,1,-1,1,-0.39999999999999997,-0.0015460776925697584,-0.0026071392920705705,1
2026-04-17 21:00:00,77337.64,77494.69,77278.72,77445.73,307.76412,73.3175847649319,720.2570252667501,644.6902084052676,75.5668168614825,76257.33200000001,78765.85786665569,73748.80613334433,76257.33200000001,76548.48678772958,688.3842857142871,0.001397637683280717,1182.530653,0.2602588941091914,-0.005284165331529089,0.02455400669667962,0.005151580395714298,-1,1,-1,1,-0.39999999999999997,-0.0019782885383092808,-0.005783792082533101,1
2026-04-17 22:00:00,77445.74,77510.0,77274.56,77301.25,474.88113,66.81288456818919,690.5621158868162,653.8645899015773,36.697525985238826,76387.39450000001,78824.6704326695,73950.11856733052,76387.39450000001,76620.1785222316,641.722142857145,-0.0018655644410607852,1194.4980234999998,0.39755706636378546,-0.0028294418295835566,0.01401229519217706,0.005188405727819435,-1,1,0,1,0.0,-0.003826328810982993,-0.007278278164971397,1
2026-04-17 23:00:00,77301.25,77302.0,76911.0,77072.0,612.20073,63.59498210148172,641.139470473936,651.3195660160491,-10.180095542113122,76510.2035,78815.57748901447,74204.82951098554,76510.2035,76663.20913916196,608.8314285714306,-0.0029656700247409074,1189.0249294999999,0.5148762778737013,-0.0011390633138538275,-0.00346676472702645,0.005257446170796369,-1,-1,0,-1,-0.6,0.00037289806933782366,-0.006125570894747745,1
2026-04-18 00:00:00,77072.01,77258.55,76978.17,77168.0,324.03843,71.73242349714832,602.769711579851,641.6095951288095,-38.83988354895848,76629.03400000001,78802.60837715371,74455.45962284632,76629.03400000001,76711.28445924183,572.424285714288,0.0012455885405853184,1194.5291359999999,0.2712687537158575,-0.002914712047174972,-0.009228396555666651,0.005255303827246534,-1,-1,-1,-1,-1.0,-0.00043204437072352775,-0.012679348952933878,2
2026-04-18 01:00:00,77168.22,77330.0,77115.77,77218.07,266.4299,69.92762579820896,569.8329521983105,627.2542665427097,-57.42131434439921,76758.049,78731.02191890287,74785.07608109713,76758.049,76759.54974883789,561.789285714287,0.0006488440804479634,1195.7696415,0.2228103898555113,-0.0015460776925697584,-0.007288678462768261,0.005191343034388073,-1,-1,0,-1,-0.6,-0.0010627046234127357,-0.015268705887106493,2
2026-04-18 02:00:00,77218.06,77420.08,77124.63,77292.52,268.04149,65.06294056261217,543.4730073559476,610.4980147053574,-67.02500734940975,76875.749,78663.88904084449,75087.6089591555,76875.749,76810.30882037718,530.4750000000006,0.0009641525616996827,1195.3430329999999,0.22423813298788853,-0.0019782885383092808,-0.007252000266128378,0.005164550546202676,-1,-1,0,-1,-0.6,-0.003813046851105395,-0.01404469669251307,2
2026-04-18 03:00:00,77292.53,77296.95,76962.67,77005.47,268.91717,43.795401199203624,493.7286288427131,587.1441375328285,-93.41550869011542,76972.28400000001,78546.7369463871,75397.83105361293,76972.28400000001,76828.89559938888,457.49214285714385,-0.0037138134453372773,1178.421705,0.22820113449963994,-0.003826328810982993,-0.006644944265774999,0.00529646545964262,-1,-1,0,-1,-0.6,-0.003465208380651341,-0.011461523447620081,2
2026-04-18 04:00:00,77005.47,77162.08,76884.1,77100.74,370.07883,32.496960466017384,456.7284618698177,561.0610024002264,-104.33254053040866,77038.302,78509.67680674065,75566.92719325934,77038.302,76854.78554230423,403.269285714286,0.0012371848389471918,1122.1942925,0.32978142240907893,0.00037289806933782366,-0.0007665899990265679,0.004940782263400123,1,-1,0,-1,0.0,-0.006496046600849792,-0.011034265040776536,2
2026-04-18 05:00:00,77100.73,77278.58,77100.73,77134.66,312.05483,35.066909137666585,425.2407132504741,533.8969445702759,-108.6562313198018,77106.0355,78452.97451619872,75759.09648380127,77106.0355,76881.44025256099,376.3614285714294,0.0004399438967770397,1037.5617109999998,0.30075785053714266,-0.00043204437072352775,-0.0033454971329662797,0.004937607780773822,-1,-1,0,-1,-0.6,-0.012252598248310265,-0.012540665895202086,2
2026-04-18 06:00:00,77134.66,77217.0,77058.4,77136.01,168.72376,32.88573720458879,395.8324690243171,506.2840494610841,-110.45158043676702,77198.89749999999,78235.81546668189,76161.9795333181,77198.89749999999,76905.68499041234,342.8471428571439,1.7501859734592173e-05,993.481958,0.16983072379055725,-0.0010627046234127357,-0.0026071392920705705,0.0046189851558139025,-1,-1,0,-1,-0.6,-0.014221114107405786,-0.015461779783527696,2
2026-04-18 07:00:00,77136.01,77136.01,76890.0,76997.8,276.05173,36.30342630484112,357.25561136828037,476.4783618425234,-119.22275047424301,77269.3025,77988.80246682363,76549.80253317638,77269.3025,76914.45784846832,302.11357142857224,-0.0017917701473020298,985.8038789999998,0.28002702756660597,-0.003813046851105395,-0.005783792082533101,0.004613047791793557,-1,-1,0,-1,-0.6,-0.010270812932317575,-0.015186018301821758,2
2026-04-18 08:00:00,76997.79,77048.0,76501.0,76738.63,773.24357,38.34327647846642,302.2857586644677,441.63984120691225,-139.35408254244453,77294.5815,77884.67417111834,76704.48882888166,77294.5815,76897.71233909037,307.08500000000015,-0.0033659403255676956,968.0203335,0.7987885618107214,-0.003465208380651341,-0.007278278164971397,0.0043427619488546525,-1,-1,0,-1,-0.6,-0.008024120315934913,-0.014163010207505766,2
2026-04-18 09:00:00,76738.62,76738.63,76409.37,76599.89,462.93265,26.81966600272179,244.7057799542381,402.2530289563774,-157.54724900213932,77257.57,77923.60618756693,76591.53381243309,77257.57,76869.34830679605,296.7864285714292,-0.001807955132897332,735.0161465,0.6298265040902745,-0.006496046600849792,-0.006125570894747745,0.0027953025779618762,-1,-1,1,-1,-0.19999999999999996,-0.00456789167712901,-0.012402628776620905,2
2026-04-18 10:00:00,76599.89,76599.9,76132.32,76189.56,624.93038,22.220017615346464,164.07171367904812,354.6167659009116,-190.5450522218635,77172.7095,77927.74126591966,76417.67773408034,77172.7095,76804.60656329164,297.9307142857142,-0.005356796204276537,585.4076415000001,1.067513192001953,-0.012252598248310265,-0.012679348952933878,0.0023800068082410935,-1,-1,1,-1,-0.19999999999999996,-0.0002916410069830899,-0.005706556121337303,1
2026-04-18 11:00:00,76189.55,76189.56,75763.76,76039.05,809.07399,16.64738239757206,87.02061658645107,301.09753603801954,-214.07691945156847,77085.411,77939.58782716814,76231.23417283184,77085.411,76731.69641440672,312.91857142857145,-0.001975467504996664,527.1041155,1.5349415157431074,-0.014221114107405786,-0.015268705887106493,0.0023877756683397923,-1,-1,1,-1,-0.19999999999999996,-0.0012585638563342716,-0.002863134139629686,1
2026-04-18 12:00:00,76039.06,76300.0,76039.05,76206.97,492.57948,24.339661576557887,39.056587618775666,248.68934635417077,-209.6327587353951,77002.9025,77861.98715815695,76143.81784184305,77002.9025,76681.72247017748,314.740714285714,0.0022083390047613616,481.6239100000001,1.0227471472502268,-0.010270812932317575,-0.01404469669251307,0.002461951674364226,-1,-1,1,-1,-0.19999999999999996,-0.004966212408130222,-0.005162782354422468,1
2026-04-18 13:00:00,76206.98,76212.7,75797.53,76122.87,456.87331,26.11758903723519,-5.675988780509215,197.81627932723478,-203.492268107744,76933.0165,77840.80750660121,76025.22549339879,76933.0165,76628.49842539866,316.4671428571424,-0.0011035735970083005,445.794758,1.0248512388295064,-0.008024120315934913,-0.011461523447620081,0.002340166025073581,-1,-1,1,-1,-0.19999999999999996,-0.0061885475416257885,-0.00566334401212143,1
2026-04-18 14:00:00,76122.88,76288.4,75959.68,76249.99,461.97289,27.25682659386308,-30.51756870993995,152.14950971979985,-182.6670784297398,76887.5215,77837.6526981,75937.3903019,76887.5215,76592.45000393211,319.9199999999993,0.0016699317826562865,437.02377000000007,1.0570887025206888,-0.00456789167712901,-0.011034265040776536,0.002232028821217404,-1,-1,1,-1,-0.19999999999999996,-0.007870689556811694,-0.007304656695692802,1
2026-04-18 15:00:00,76250.0,76363.75,76003.97,76167.34,261.12334,24.38231120690061,-56.2257288392575,110.47446200798838,-166.7001908472459,76826.2095,77796.87851565276,75855.54048434724,76826.2095,76551.96333689094,330.31642857142805,-0.0010839345683849588,417.4571895,0.6255092655435031,-0.0002916410069830899,-0.012540665895202086,0.0020641812973958107,-1,-1,1,-1,-0.19999999999999996,-0.005416494786347981,-0.007160418100461419,1
2026-04-18 16:00:00,76167.33,76211.57,75691.03,75943.35,522.36094,19.341644207914328,-93.59484883732512,69.66059983892568,-163.2554486762508,76756.495,77771.7595095281,75741.23049047189,76756.495,76494.00016194893,346.394285714286,-0.0029407617490645466,425.7136335,1.227024222140633,-0.0012585638563342716,-0.015461779783527696,0.002118884985695502,-1,-1,1,-1,-0.19999999999999996,-0.0016065922822736667,-0.005890575014138921,1
2026-04-18 17:00:00,75943.34,75958.23,75778.69,75828.51,256.05723,20.983965445831586,-130.967067081423,29.535066454855926,-160.50213353627893,76675.63399999999,77717.03597649134,75634.23202350864,76675.63399999999,76430.62014652521,335.3414285714285,-0.0015121798024450017,423.12828900000005,0.6051527081896431,-0.004966212408130222,-0.015186018301821758,0.0020511192862080305,-1,-1,1,-1,-0.19999999999999996,-0.00019755102665208746,-0.004124306280052115,1
2026-04-18 18:00:00,75828.51,75844.66,75445.16,75651.78,591.47146,15.657619052133484,-172.8529125178611,-10.942529339687495,-161.91038317817362,76593.1605,77685.9411091614,75500.3798908386,76593.1605,76356.44489447518,344.02142857142877,-0.0023306537343276146,428.9578055,1.3788569701175422,-0.0061885475416257885,-0.014163010207505766,0.0020634209425213737,-1,-1,1,-1,-0.19999999999999996,0.0005284740160773627,0.00016972502167167391,1
2026-04-18 19:00:00,75651.78,75796.32,75574.22,75649.85,194.3187,14.266048642898753,-203.85358444068697,-49.5247403598874,-154.32884408079957,76522.053,77667.45358130737,75376.65241869263,76522.053,76289.15014262039,347.18214285714305,-2.551162708919197e-05,408.06370400000003,0.47619697144149825,-0.007870689556811694,-0.012402628776620905,0.002026092776748813,-1,-1,1,-1,-0.19999999999999996,0.0005705232726831433,-0.0013780595731518464,1
2026-04-18 20:00:00,75649.86,75834.3,75608.44,75754.78,484.97143,18.337406071053678,-217.44825806260633,-83.1094439004312,-134.33881416217514,76451.39199999999,77603.35395356418,75299.43004643581,76451.39199999999,76238.25774808512,351.9864285714284,0.0013870483550197932,416.11035400000003,1.165487533146075,-0.005416494786347981,-0.005706556121337303,0.002034313368177366,-1,-1,1,-1,-0.19999999999999996,-0.0017534207082378073,-0.004682080787509424,1
2026-04-18 21:00:00,75754.77,75839.1,75599.64,75821.34,197.94348,22.115457544844233,-220.31168317352422,-110.54989175504983,-109.76179141847439,76381.5555,77506.85829050926,75256.25270949074,76381.5555,76198.55129588653,351.5185714285721,0.0008786244247558361,412.68603300000007,0.47964666640414255,-0.0016065922822736667,-0.002863134139629686,0.002044274913623203,-1,-1,1,-1,-0.19999999999999996,-0.004290876420807055,-0.00750448356623612,1
2026-04-18 22:00:00,75821.35,75873.1,75608.89,75813.53,155.69572,25.107095190941465,-220.66745289653772,-132.57340398334742,-88.0940489131903,76307.606,77373.6741657324,75241.5378342676,76307.606,76161.8826010402,331.3192857142868,-0.00010300530167361988,407.0687445,0.38248016361767123,-0.00019755102665208746,-0.005162782354422468,0.002006350298971166,-1,-1,1,-1,-0.19999999999999996,-0.00392753114120914,-0.007332859978950945,1
2026-04-18 23:00:00,75813.53,75891.64,75685.69,75691.76,141.95985,25.338503902367407,-228.14530720408948,-151.68778462749583,-76.45752257659365,76241.9205,77288.65394231206,75195.18705768793,76241.9205,76117.10901998874,322.51142857142884,-0.0016061776835876174,400.72087849999997,0.35426117683558633,0.0005284740160773627,-0.00566334401212143,0.001907198011806548,1,-1,1,-1,0.39999999999999997,-0.00035855950502405864,-0.00894099965438766,1
2026-04-19 00:00:00,75691.76,75847.42,75551.73,75693.01,297.06433,32.66369203482964,-231.30436334584374,-167.61110037116543,-63.693262974678305,76171.534,77162.96978895982,75180.09821104018,76171.534,76076.71863713267,310.23357142857276,1.6514347136231677e-05,397.0701535,0.7481406682962888,0.0005705232726831433,-0.007304656695692802,0.0018554404476705377,1,-1,0,-1,0.0,-0.0019474717678684694,-0.006216690286196758,1
2026-04-19 01:00:00,75693.0,75798.47,75457.11,75621.95,321.53516,34.58223056791785,-236.81206415907945,-181.45129312874826,-55.36077103033119,76095.8985,77005.38125539565,75186.41574460434,76095.8985,76033.40733835811,304.202142857144,-0.0009387921024675006,397.54417,0.8088036104264842,-0.0017534207082378073,-0.007160418100461419,0.0018276867817513048,-1,-1,0,-1,-0.6,-0.002933804272436835,-0.00023591034084680107,1
2026-04-19 02:00:00,75621.96,75722.21,75407.84,75496.0,212.48934,22.87802607786739,-248.4757948336337,-194.85619346972538,-53.619601363908316,76013.898,76818.17202100286,75209.62397899714,76013.898,75982.22568708591,308.0178571428592,-0.0016655217169089243,399.73244900000003,0.5315789111731581,-0.004290876420807055,-0.005890575014138921,0.0018176611103734165,-1,-1,1,-1,-0.19999999999999996,-0.0032274557592455455,0.001001377556426819,1
2026-04-19 03:00:00,75496.01,75637.44,75357.0,75515.77,175.28804,25.64507846850063,-253.20531835553993,-206.52601844688832,-46.679299908651615,75939.7965,76626.94423433696,75252.64876566303,75939.7965,75937.80133593487,298.39428571428806,0.00026186817844653376,394.69426450000003,0.4441109379231934,-0.00392753114120914,-0.004124306280052115,0.0018328259370822624,-1,-1,1,-1,-0.19999999999999996,-0.003418756108823362,0.0053760956155251005,1
2026-04-19 04:00:00,75515.76,75782.63,75424.4,75664.62,294.60425,26.919224976144505,-242.15118073536723,-213.65105090458414,-28.500129830783095,75886.09599999999,76470.58485690091,75301.60714309907,75886.09599999999,75911.78406584583,300.5021428571459,0.001971111464532438,370.7622985,0.7945906344627972,-0.00035855950502405864,0.00016972502167167391,0.0018539848449741503,-1,1,1,-1,-0.19999999999999996,-0.008585518568651973,0.004749776051211185,1
2026-04-19 05:00:00,75664.62,75687.04,75516.39,75545.6,174.63786,26.168682826609924,-240.22544692149677,-218.96593010796667,-21.259516813530098,75833.38149999999,76330.44415508311,75336.31884491687,75833.38149999999,75876.90939290813,286.99285714285986,-0.0015729940889148697,356.347559,0.4900773292514682,-0.0019474717678684694,-0.0013780595731518464,0.001847346131167493,-1,-1,1,-1,-0.19999999999999996,-0.004277548924093599,0.0039847456370720735,1
2026-04-19 06:00:00,75545.6,75545.6,75280.92,75400.09,385.31594,27.84384737108202,-247.58670450927457,-224.69008498822825,-22.89661952104632,75793.90800000001,76297.22412974399,75290.59187025603,75793.90800000001,75831.49802215498,268.7171428571455,-0.0019261214418841988,344.36683700000003,1.1189112847123546,-0.002933804272436835,-0.004682080787509424,0.001521929592005077,-1,-1,1,-1,-0.19999999999999996,0.0027058323139932394,-0.0002285143160969394,1
2026-04-19 07:00:00,75400.09,75400.09,74867.72,75252.34,771.61495,27.11595135397009,-262.3188954448997,-232.21584707956254,-30.103048365337145,75754.5725,76298.54609029207,75210.59890970791,75754.5725,75776.34011528308,293.9192857142885,-0.0019595467326365412,342.493885,2.252930588819126,-0.0032274557592455455,-0.00750448356623612,0.0015211319628942528,-1,-1,1,-1,-0.19999999999999996,0.00424252588025853,-0.006127118439107737,1
2026-04-19 08:00:00,75252.33,75299.99,75071.58,75257.6,333.58261,31.875448308841158,-270.45222001899674,-239.86312166744938,-30.589098351547364,75707.104,76250.54576385774,75163.66223614228,75707.104,75726.93629477992,281.69857142857444,6.989815864866245e-05,334.5440415,0.9971261437038627,-0.003418756108823362,-0.007332859978950945,0.0013887476428862705,-1,-1,0,-1,-0.6,0.008825022323326825,-0.0064776182073306154,1
2026-04-19 09:00:00,75257.59,75265.0,74921.74,75015.0,313.21615,26.099134847788648,-293.09511283252505,-250.5095199004645,-42.585592932060536,75651.7105,76240.65966214583,75062.76133785417,75651.7105,75659.13283813422,290.35285714285936,-0.003223594693426368,327.36118350000004,0.9567907430295565,-0.008585518568651973,-0.00894099965438766,0.0015033260785755481,-1,-1,1,-1,-0.19999999999999996,0.013450776511364282,-0.0006602679464107197,0
2026-04-19 10:00:00,75015.0,75243.02,74933.87,75222.45,323.18472,31.394999335947546,-290.94643782562343,-258.5969034854963,-32.34953434012715,75600.3335,76147.31076176613,75053.35623823386,75600.3335,75617.54399640714,296.30214285714567,0.0027654469106177526,320.421775,1.008622837820557,-0.004277548924093599,-0.006216690286196758,0.0016115041719170305,-1,-1,0,-1,-0.6,0.008297788758542257,-0.007875973196831532,1
2026-04-19 11:00:00,75222.46,75641.99,75216.96,75604.11,418.71675,43.77817621483536,-255.50156210521527,-257.97783520944006,2.476273104224788,75572.172,76049.83761360298,75094.50638639703,75572.172,75616.2645681779,309.55714285714515,0.005073751253781289,328.3014455,1.275403309182201,0.0027058323139932394,-0.00023591034084680107,0.00205644814777952,1,-1,0,1,0.6,-0.002926428206085574,-0.015593861233205497,2
2026-04-19 12:00:00,75604.11,75700.0,75432.07,75571.6,439.48255,43.16740190125472,-227.41305192983418,-251.86487855351888,24.451826623684696,75553.5845,75998.22472093893,75108.94427906106,75553.5845,75612.01079978,309.8228571428585,-0.00043000307787488534,324.157526,1.3557684605477893,0.00424252588025853,0.001001377556426819,0.00196583072262368,1,1,0,1,0.6,-0.010325836689973666,-0.020169746306813785,2
2026-04-19 13:00:00,75571.61,76240.66,75552.44,75921.75,760.39543,55.75323070457642,-174.8825889506843,-236.468420632952,61.585831682267695,75558.2465,76016.76253170593,75099.73046829406,75558.2465,75641.50977122951,344.2707142857159,0.004633354328874795,349.374436,2.1764483936082835,0.008825022323326825,0.0053760956155251005,0.002220846204158243,1,1,0,1,0.6,-0.015168775746080665,-0.0279229601530524,2
2026-04-19 14:00:00,75921.75,76147.01,75674.55,76024.01,621.24056,57.88170301933522,-123.57578645781905,-213.8898937979254,90.31410734010635,75576.858,76079.45858066207,75074.25741933791,75576.858,75677.93836444576,356.8971428571437,0.0013469131046108807,350.86289100000005,1.7706077671234826,0.013450776511364282,0.004749776051211185,0.002163669606224688,1,1,0,1,0.6,-0.013923759086109655,-0.022940121153830262,2
2026-04-19 15:00:00,76024.02,76155.3,75401.44,75846.63,1097.76631,55.092198067195106,-96.11984961599228,-190.33588496153877,94.21603534554649,75586.697,76102.83608039735,75070.55791960265,75586.697,75694.00423449854,386.3614285714294,-0.0023332102581801184,396.0352715,2.7718902557395064,0.008297788758542257,0.0039847456370720735,0.0022392182183426294,1,1,0,1,0.6,-0.016040659947581082,-0.016500403511665596,2
2026-04-19 16:00:00,75846.63,75853.26,75311.11,75382.86,403.71917,47.7762840318561,-110.50930252125545,-174.3705684734821,63.86126595222666,75568.101,76085.53988880948,75050.66211119051,75568.101,75664.37145026059,402.63142857142833,-0.0061145762178227425,391.97265849999997,1.0299676807687341,-0.002926428206085574,-0.0002285143160969394,0.0026147646502053036,-1,-1,0,1,0.0,-0.012704612162499629,-0.012905453573929249,2
2026-04-19 17:00:00,75382.87,75382.87,74638.31,74791.26,795.68148,38.37349996950976,-167.71688753129274,-173.03983228504424,5.3229447537515,75516.597,76124.97326431937,74908.22073568062,75516.597,75581.2179788072,435.7828571428566,-0.007847937846879316,421.8595585,1.8861288406719838,-0.010325836689973666,-0.006127118439107737,0.0031007275925531972,-1,-1,0,1,0.0,-0.00994661675709163,-0.0021026521013283173,1
2026-04-19 18:00:00,74791.27,74908.62,74608.0,74770.11,531.16281,35.03197716251631,-212.31352094332397,-180.89457001670021,-31.41895092662375,75464.426,76140.74970714959,74788.10229285042,75464.426,75503.96959987318,431.6678571428555,-0.0002827870529256149,440.63291300000003,1.2054542326029105,-0.015168775746080665,-0.0064776182073306154,0.0030992297177982625,-1,-1,0,-1,-0.6,-0.012950629603193153,-0.002707900255864315,2
2026-04-19 19:00:00,74770.11,75071.61,74770.11,74965.47,306.83274,40.53439324372385,-229.25010243798897,-190.56567650095798,-38.684425937030994,75428.1115,76130.53090226543,74725.69209773457,75428.1115,75452.68392369477,441.0142857142845,0.0026128087814769607,448.87655749999993,0.6835570601166893,-0.013923759086109655,-0.0006602679464107197,0.003176083178516501,-1,-1,0,-1,-0.6,-0.009143676415288349,-0.009355240486053185,1
2026-04-19 20:00:00,74965.46,74965.47,74427.53,74630.0,452.71123,38.16837052947271,-266.6681067147001,-205.78616254370644,-60.88194417099368,75374.961,76150.09128682113,74599.83071317886,75374.961,75374.33307381909,460.5328571428555,-0.0044749936203961616,456.6589025,0.9913553147034071,-0.016040659947581082,-0.007875973196831532,0.003295872711313169,-1,-1,0,-1,-0.6,-0.000467238375988166,0.0020982178748492064,1
2026-04-19 21:00:00,74630.01,74810.0,74368.6,74425.15,383.54881,37.510229595919604,-309.28656468947884,-226.48624297286096,-82.80032171661787,75315.121,76188.52317117956,74441.71882882043,75315.121,75283.93468583631,454.0349999999983,-0.00274487471526208,459.7595850000001,0.8342377679847609,-0.012704612162499629,-0.015593861233205497,0.0033273021141845566,-1,-1,0,-1,-0.6,-0.00020342585806010227,0.005536031838699662,1
2026-04-19 22:00:00,74425.16,74425.16,73762.9,74047.34,1140.3898,33.57419340828751,-369.2911506842065,-255.04722451513007,-114.24392616907645,75242.688,76278.1710641316,74207.20493586839,75242.688,75166.1637633757,485.0242857142844,-0.005076375391920629,506.154608,2.253046365627476,-0.00994661675709163,-0.020169746306813785,0.0034592259534246446,-1,-1,0,-1,-0.6,0.007922769406706553,0.00920451700223146,1
2026-04-19 23:00:00,74047.34,74054.22,73790.0,73801.79,415.64133,33.54733019254279,-431.682878734704,-290.3743553590449,-141.3085233756591,75156.989,76366.40786715996,73947.57013284005,75156.989,75036.22340495898,479.3785714285706,-0.0033161218215266297,518.1722725,0.8021296237922495,-0.012950629603193153,-0.0279229601530524,0.003484992870160078,-1,-1,0,-1,-0.6,0.010377119579348948,0.01708603544710785,0
2026-04-20 00:00:00,73801.8,74360.43,73724.31,74280.01,787.93368,38.09371004664273,-437.49721975777356,-319.79892823879067,-117.6982915189829,75087.75850000001,76332.81966305712,73842.6973369429,75087.75850000001,74964.20308067717,502.73357142856963,0.006479788633853012,542.838744,1.4515059743045902,-0.009143676415288349,-0.022940121153830262,0.0038260708602117794,-1,-1,0,-1,-0.6,-0.0002135163955955255,0.010059907100174126,0
2026-04-20 01:00:00,74280.01,74746.93,74214.67,74595.13,689.61016,37.03510485197372,-411.9291140666319,-338.22496540435895,-73.70414866227293,75040.235,76284.27227416425,73796.19772583575,75040.235,74929.05326346982,510.39285714285506,0.004242325761668608,568.587359,1.2128482089592145,-0.000467238375988166,-0.016500403511665596,0.003990937208624412,-1,-1,0,-1,-0.6,0.0025666554907806116,0.008010978732793994,1
2026-04-20 02:00:00,74595.12,74627.99,74304.84,74410.01,739.68976,35.637431036571854,-401.97018095727253,-350.9740085149417,-50.99617244233082,74990.731,76253.13568296384,73728.32631703616,74990.731,74879.62057171078,514.3371428571419,-0.002481663347191798,586.3060499999999,1.2616103142718724,-0.00020342585806010227,-0.012905453573929249,0.004002384429946396,-1,-1,0,-1,-0.6,0.005740625488425577,0.011824887538652407,0
2026-04-20 03:00:00,74410.01,74640.65,74359.04,74634.0,281.2031,33.56476459101768,-371.7185931257991,-355.1229254371132,-16.595667688685865,74959.814,76225.52470459108,73694.10329540892,74959.814,74856.22813630976,485.29357142857043,0.00301021327641271,561.7854575,0.5005524729162288,0.007922769406706553,-0.0021026521013283173,0.004070693575244474,1,-1,0,-1,0.0,0.0012716724281158776,0.008513278130610757,1
2026-04-20 04:00:00,74634.01,74637.43,74435.19,74567.64,333.76794,31.240806337348047,-349.074772538399,-353.91329485737043,4.838522318971457,74925.316,76194.45858218137,73656.17341781865,74925.316,74828.7435518993,465.9921428571418,-0.0008891389983117781,561.7947240000001,0.5941101362140951,0.010377119579348948,-0.002707900255864315,0.004070458749170116,1,-1,0,1,0.6,0.006640011672623736,0.0062647818812555656,1
2026-04-20 05:00:00,74567.63,74567.63,74095.18,74264.15,529.73957,30.25779343589855,-351.56585586673464,-353.4438070592433,1.8779511925086467,74887.7735,76189.74303797566,73585.80396202434,74887.7735,74774.9727374327,445.8921428571422,-0.004069996046542457,572.620895,0.9251139359837715,-0.0002135163955955255,-0.009355240486053185,0.004105038554202059,-1,-1,0,1,0.0,0.010275617508582524,0.019560178094006453,0
2026-04-20 06:00:00,74264.16,74894.11,74250.0,74786.59,441.3007,42.66856509112194,-307.83498547336785,-344.3220427420682,36.48705726870037,74865.9805,76158.92273941234,73573.03826058767,74865.9805,74776.07914339149,453.1749999999998,0.0070348883007480545,578.5266939999999,0.7628009296317796,0.0025666554907806116,0.0020982178748492064,0.004384971572468786,1,1,0,1,0.6,0.005430385313730746,0.007383008103458266,1
2026-04-20 07:00:00,74786.59,75572.0,74670.86,74837.17,1175.74482,50.65111147039723,-266.0299447324651,-328.6636231401476,62.63367840768251,74827.6335,76073.01725414158,73582.24974585841,74827.6335,74781.89732021136,464.35928571428565,0.000676324458703137,616.3780975,1.9075058389789719,0.005740625488425577,0.005536031838699662,0.004209040531556444,1,1,0,1,0.6,0.006049533941489216,0.014177045978622571,0
2026-04-20 08:00:00,74837.18,74998.83,74619.41,74728.91,538.52852,49.4297767271399,-238.88115275897144,-310.70712906391236,71.82597630494092,74785.499,75980.92115896216,73590.07684103784,74785.499,74776.85090876266,469.98785714285725,-0.0014466073476588903,621.330396,0.8667345481034539,0.0012716724281158776,0.00920451700223146,0.00421427002876024,1,1,0,1,0.6,0.0072324084480825945,0.022679040815662965,0
2026-04-20 09:00:00,74728.92,75233.0,74706.87,75062.77,502.56404,51.29694597880103,-188.2557328054245,-286.2168498122148,97.96111700679029,74742.55,75822.2022536227,73662.8977463773,74742.55,74804.08129840432,486.0328571428576,0.004467615010040893,608.4388265,0.8259894308372182,0.006640011672623736,0.01708603544710785,0.004203686351383267,1,1,0,1,0.6,-0.00037275469583675225,0.016442105720319233,0
2026-04-20 10:00:00,75062.77,75404.63,75003.63,75027.26,321.321,55.75545613648729,-149.27928431981127,-258.82933671373405,109.55005239392278,74692.7125,75601.85636806027,73783.56863193972,74692.7125,74825.33641284199,476.25142857142885,-0.00047307073799718324,593.4428485000001,0.5414523080228845,0.010275617508582524,0.010059907100174126,0.004179856923795444,1,1,0,1,0.6,0.009190126362071727,0.016646083037018755,0
2026-04-20 11:00:00,75027.26,75287.88,74957.51,75192.71,284.12016,61.24873965343401,-103.84270178191946,-227.83200972737112,123.98930794545166,74660.0165,75430.95831032789,73889.07468967211,74660.0165,74860.3243735237,468.3207142857157,0.0022051984838578065,552.760541,0.5140022467703605,0.005430385313730746,0.008010978732793994,0.004206851606901897,1,1,0,1,0.6,0.001942076565667028,0.010133961124688895,0
2026-04-20 12:00:00,75192.72,75650.0,75043.86,75289.9,698.85484,69.84197448852464,-59.307798633686616,-194.12716750863422,134.8193688749476,74655.36850000001,75408.8847451824,73901.85225481763,74655.36850000001,74901.23633795002,464.31214285714356,0.0012925455140528896,567.5173245,1.2314246804988946,0.006049533941489216,0.011824887538652407,0.00400053719103545,1,1,0,1,0.6,0.008078640030070527,0.00908939977340939,1
2026-04-20 13:00:00,75289.91,75434.41,74859.11,75269.38,774.09093,75.2500765628279,-25.37683122541057,-160.3771002519895,135.00026902657893,74679.2745,75479.81387888876,73878.73512111124,74679.2745,74936.29763909764,486.5321428571437,-0.00027254651686337006,566.4377969999999,1.366594768392548,0.0072324084480825945,0.008513278130610757,0.0035579121190557274,1,1,-1,1,0.19999999999999996,0.015335718189787073,0.007593924647711914,0
2026-04-20 14:00:00,75269.37,75766.74,74921.42,75034.79,1047.20928,64.174378774676,-17.217277486939565,-131.7451356989795,114.52785821203994,74692.5085,75507.98228144049,73877.0347185595,74692.5085,74945.67786394549,501.47500000000167,-0.0031166724104809695,592.2401205,1.7682173897909708,-0.00037275469583675225,0.0062647818812555656,0.0036388861806571143,-1,1,0,1,0.0,0.016821130571565757,0.014095594856732507,0
2026-04-20 15:00:00,75034.79,75772.72,74702.0,75716.77,1196.9526,68.51294341341654,43.77470652433112,-96.64116725431737,140.4158737786485,74730.0735,75659.71622983932,73800.43077016067,74730.0735,75019.1152102364,539.9364285714307,0.009088850651811198,636.7461135,1.8797956903430713,0.009190126362071727,0.019560178094006453,0.0041224790556032564,1,1,0,1,0.6,0.007388059474803255,0.002784323737000216,1
2026-04-20 16:00:00,75716.78,75723.99,75299.26,75338.74,630.71705,64.41120335169528,60.90535261276818,-65.13186328090026,126.03721589366845,74765.5105,75732.37888029519,73798.64211970482,74765.5105,75049.55566640435,547.1921428571451,-0.0049926852400069555,645.6464045,0.976876887417097,0.001942076565667028,0.007383008103458266,0.004156887066689064,1,1,0,1,0.6,0.008176006129117619,0.0032199901405305376,1
2026-04-20 17:00:00,75338.75,75991.47,75289.92,75898.14,642.61045,67.76645323049411,118.25722231024702,-28.454046162670792,146.71126847291782,74839.16,75915.11568732605,73763.20431267396,74839.16,75130.3732219849,577.1878571428596,0.007425130815832626,658.5994865,0.9757226708678887,0.008078640030070527,0.014177045978622571,0.004358656013452819,1,1,0,1,0.6,0.0010026596172185709,-0.002474895959242218,1
2026-04-20 18:00:00,75898.14,76453.19,75898.14,76423.69,1544.76303,73.10330233889732,203.7675792262744,17.99027891511826,185.77730031115613,74957.97750000001,76180.6051695835,73735.34983041651,74957.97750000001,75253.54624846253,602.3885714285747,0.006924412113393119,678.8181480000001,2.275665485007039,0.015335718189787073,0.022679040815662965,0.004305379447875904,1,1,-1,1,0.19999999999999996,-0.007624860825223179,-0.007980248009485047,1
2026-04-20 19:00:00,76423.69,76486.67,76154.49,76296.96,1368.12243,76.46825985849298,258.3312197818741,66.05846708846944,192.27275269340464,75082.736,76317.76836021975,73847.70363978026,75082.736,75352.91898670419,592.3685714285738,-0.001658255444090595,726.442203,1.8833190367382882,0.016821130571565757,0.016442105720319233,0.004221094370733872,1,1,-1,1,0.19999999999999996,-0.0026804475564952135,-0.006487283372758279,1
2026-04-20 20:00:00,76296.97,76558.62,76113.07,76276.17,1418.8575,72.30952181258303,296.4781037523935,112.14239442125427,184.33570933113924,75182.544,76466.11478948996,73898.97321051003,75182.544,75440.84765463712,578.1857142857158,-0.0002724879208818587,757.988394,1.8718723284304009,0.007388059474803255,0.016646083037018755,0.004084155203397365,1,1,-1,1,0.19999999999999996,-0.004569972509107401,-0.0039600834703682475,1
2026-04-20 21:00:00,76276.18,76357.2,75784.05,75954.71,523.28232,65.48130949874223,297.3430629458744,149.1825281261783,148.1605348196961,75250.523,76547.04820227122,73953.99779772878,75250.523,75489.78692562407,554.7578571428583,-0.00421442240741754,749.672002,0.6980150233755161,0.008176006129117619,0.010133961124688895,0.004203313948860113,1,1,0,1,0.6,-0.004915824179962058,0.0017066749382623758,1
2026-04-20 22:00:00,75954.72,76143.71,75904.39,75974.24,220.6417,67.68638211208913,296.1901613117225,178.58405476328716,117.60610654843532,75328.73449999999,76600.25303010199,74057.215969898,75328.73449999999,75535.92531365987,544.750714285716,0.00025712691155033163,723.719599,0.3048718043630044,0.0010026596172185709,0.00908939977340939,0.004130927146050233,1,1,0,1,0.6,-0.0034740722644939215,0.00701514092144917,1
2026-04-20 23:00:00,75974.24,75974.24,75617.6,75840.97,301.78476,61.7198795180722,281.2802792757575,199.12329966578125,82.15697960997625,75389.08300000001,76636.10027264366,74142.06572735637,75389.08300000001,75564.9771885494,532.6442857142871,-0.001754147195154654,724.748682,0.4163991842899274,-0.007624860825223179,0.007593924647711914,0.004149199277948309,-1,1,0,1,0.0,-0.0003581177825126014,0.0068801862634404465,1
2026-04-21 00:00:00,75840.97,76099.19,75700.0,76092.45,428.95831,65.06220358204399,286.4543571190443,216.5895111564339,69.86484596261039,75465.3235,76687.07389482182,74243.57310517818,75465.3235,75615.21269440182,532.5150000000015,0.0033158858595820906,729.5082005,0.5880102645946883,-0.0026804475564952135,0.014095594856732507,0.00416504530283441,-1,1,0,1,0.0,-0.003817067264886287,0.008594282349957183,1
2026-04-21 01:00:00,76092.46,76263.4,75866.01,75927.59,391.13593,60.393225056429465,274.09245962170826,228.09010084948875,46.00235877221951,75548.49549999999,76646.12189005253,74450.86910994745,75548.49549999999,75644.9629139826,537.3021428571436,-0.0021665750018563523,722.5780185,0.5413061565475784,-0.004569972509107401,0.002784323737000216,0.0040630960626758484,-1,1,0,1,0.0,0.0006126890106745719,0.00691909225618792,1
2026-04-21 02:00:00,75927.58,75932.7,75580.0,75581.33,536.09341,53.850361347091486,233.66177115948813,229.20443491148862,4.457336247999507,75588.2325,76625.60976657624,74550.85523342376,75588.2325,75638.90263646045,519.1992857142862,-0.004560397610407385,727.3176540000001,0.7370829060062936,-0.004915824179962058,0.0032199901405305376,0.004000871944069619,-1,1,0,1,0.0,0.006655214984970348,0.005664494128378106,1
2026-04-21 03:00:00,75581.33,75721.12,75474.77,75710.3,256.2515,55.66313031416165,209.6106987613166,225.28568768145422,-15.674988920137622,75631.889,76607.85360931826,74655.92439068173,75631.889,75645.70238536899,495.7028571428569,0.0017063737830493864,681.342988,0.37609765494497177,-0.0034740722644939215,-0.002474895959242218,0.004009390594273443,-1,-1,0,-1,-0.6,0.010525780508068294,0.002505339432019138,0
2026-04-21 04:00:00,75710.31,75823.49,75600.0,75813.81,259.64273,60.35429659048021,196.635748036133,219.55569975238998,-22.919951716256975,75686.134,76566.71773448621,74805.5502655138,75686.134,75661.71263438147,451.2864285714282,0.001367185178238639,667.3986985,0.3890369138920339,-0.0003581177825126014,-0.007980248009485047,0.0039835319387288,-1,-1,0,-1,-0.6,0.007240897139980218,-0.0018302734026952594,1
2026-04-21 05:00:00,75813.8,75981.1,75782.75,75802.0,321.53858,51.378390180000906,183.2872168635513,212.30200317462226,-29.014786311070964,75723.09550000001,76554.17607024864,74892.01492975139,75723.09550000001,75675.07333586896,388.97428571428566,-0.00015577636844787968,658.3474254999999,0.48840257825235484,-0.003817067264886287,-0.006487283372758279,0.003888131406506514,-1,-1,0,-1,-0.6,0.012458906097464473,0.0004307274214399026,0
2026-04-21 06:00:00,75802.0,76129.95,75703.85,75974.11,408.87339,61.00882618956034,184.46979538230516,206.73556161615886,-22.265766233853697,75770.438,76540.23576328282,75000.64023671717,75770.438,75703.55301816715,389.07214285714144,0.002270520566739709,662.7250449999999,0.6169578063856029,0.0006126890106745719,-0.0039600834703682475,0.003900473438618253,1,-1,0,-1,0.0,0.006302541747445378,-0.002539417704268021,1
2026-04-21 07:00:00,75974.12,76300.0,75814.26,76084.34,1236.72448,53.820960698689916,192.0873734766792,203.80592398826295,-11.718550511583743,75815.01950000001,76546.24924335771,75083.7897566423,75815.01950000001,75739.81844500836,373.6571428571416,0.0014508889936322156,710.3552609999999,1.7409943276255966,0.006655214984970348,0.0017066749382623758,0.003888113197184252,1,1,0,-1,0.0,-0.0009841709870912485,-0.007080563490463376,1
2026-04-21 08:00:00,76084.34,76927.57,76063.98,76507.21,915.23783,51.789295079438624,229.59975091837987,208.96468937428634,20.63506154409353,75875.885,76625.49478911019,75126.2752108898,75875.885,75812.90335500757,395.6957142857136,0.005557911128623916,721.1744105,1.2690936015955603,0.010525780508068294,0.00701514092144917,0.004042214095662568,1,1,0,1,0.6,-0.007936899019059918,-0.01172438519193153,2
2026-04-21 09:00:00,76507.21,76587.82,76155.0,76362.77,582.67237,51.399266028516834,244.85098964429926,216.14194942828897,28.709040216010294,75930.5545,76652.90870299278,75208.20029700722,75930.5545,75865.27160691161,402.884285714286,-0.0018879266411623297,711.6034825,0.8188160743016037,0.007240897139980218,0.0068801862634404465,0.0040809369495303305,1,1,0,1,0.6,-0.009005959317609946,-0.017539175176594757,2
2026-04-21 10:00:00,76362.78,76866.55,76349.59,76746.41,536.34243,58.661823433194456,284.61340186948655,229.83623991652848,54.77716195295807,76016.1355,76695.96103186918,75336.30996813082,76016.1355,75949.18954911051,407.9850000000016,0.005023914140359187,686.0601399999999,0.7817717408855732,0.012458906097464473,0.008594282349957183,0.00408312634214905,1,1,0,1,0.6,-0.011880164818133032,-0.013654058867379026,2
2026-04-21 11:00:00,76746.41,76750.68,76342.0,76452.94,624.94284,59.273018295520046,289.1121191186394,241.69141575695065,47.42070336168874,76052.944,76744.14497399503,75361.74302600497,76052.944,75997.16578252857,396.2371428571444,-0.0038238922185416246,657.4596519999999,0.9505417375787498,0.006302541747445378,0.00691909225618792,0.003768214575737429,1,1,0,1,0.6,-0.008786581654021575,-0.011810533381711674,2
2026-04-21 12:00:00,76452.94,76528.11,75709.03,76009.46,1039.78515,50.56616512345681,253.96470819854585,244.14607424526972,9.818633953276134,76086.48000000001,76691.48795547015,75481.47204452987,76086.48000000001,75998.33666038299,437.6485714285726,-0.0058006925567544165,677.913057,1.5338031024235015,-0.0009841709870912485,0.005664494128378106,0.0038338571014344654,-1,1,0,1,0.0,-0.0061023983067372,-0.004728621937322153,1
2026-04-21 13:00:00,76009.46,76179.75,75736.33,75899.98,686.08493,50.955903078134185,214.7999308885337,238.27684557392254,-23.476914685388834,76086.57200000001,76691.45991471258,75481.68408528744,76086.57200000001,75988.96935939413,443.8471428571439,-0.0014403470304882315,680.086781,1.008819681792933,-0.007936899019059918,0.002505339432019138,0.003481274015129232,-1,1,0,-1,-0.6,-0.0038177875672693595,0.005746641830472132,1
2026-04-21 14:00:00,75899.98,76595.3,75625.28,75675.05,949.21411,43.1798722900859,163.72427993752353,223.36633244664276,-59.642052509119225,76049.14,76658.82556478608,75439.45443521392,76049.14,75959.07227754708,484.6207142857155,-0.0029635053922278942,650.309335,1.4596347598178026,-0.009005959317609946,-0.0018302734026952594,0.003131757359809713,-1,-1,0,-1,-0.6,-0.008610764049710062,0.009189290261453431,1
2026-04-21 15:00:00,75675.04,75979.78,75430.62,75834.65,923.86151,48.478787481995504,134.5735644637898,205.60777885007218,-71.03421438628237,76026.0245,76631.18789654513,75420.86110345487,76026.0245,75947.22253682831,495.4614285714301,0.0021090174370548276,628.096289,1.4708915275886942,-0.011880164818133032,0.0004307274214399026,0.003170682112577511,-1,1,0,-1,-0.6,-0.001795221577471473,0.006109871938487332,1
2026-04-21 16:00:00,75834.66,76190.72,75760.0,75781.18,496.33064,53.6178362858931,105.93566983948404,185.67335704795457,-79.73768720847053,76001.275,76603.84551152644,75398.70448847355,76001.275,75931.40896189229,501.0342857142875,-0.0007050866589349836,581.9699459999999,0.8528458271967193,-0.008786581654021575,-0.002539417704268021,0.0031719665515549506,-1,-1,0,-1,-0.6,-0.0030507574571944085,0.024063098516016845,0
2026-04-21 17:00:00,75781.19,75912.98,75052.64,75545.62,995.0846,47.129610262845844,63.50021769978048,161.23872917831977,-97.7385114785393,75980.8205,76616.88880978094,75344.75219021906,75980.8205,75894.66715599778,544.8907142857164,-0.0031084234898427487,605.56006,1.643246749133356,-0.0061023983067372,-0.007080563490463376,0.0031095373204244243,-1,-1,0,-1,-0.6,0.0013822111725338981,0.026154527555667606,0
2026-04-21 18:00:00,75545.62,75668.24,75310.88,75610.21,456.47055,46.402420061632576,34.6818980153912,135.92736294573405,-101.24546493034285,75962.619,76619.95840564996,75305.27959435005,75962.619,75867.5759982837,554.452857142859,0.0008549800769390714,617.3515024999999,0.739401375312924,-0.0038177875672693595,-0.01172438519193153,0.0031176877996000924,-1,-1,0,-1,-0.6,0.009601084298006768,0.025298038452743254,0
2026-04-21 19:00:00,75610.21,75919.5,74821.57,75023.43,954.2676,38.56607874524545,-35.100453851468046,101.72179958629361,-136.82225343776167,75921.742,76701.2574518554,75142.2265481446,75921.742,75787.1811413043,618.7085714285723,-0.007760592121090704,649.9756445,1.4681590119181764,-0.008610764049710062,-0.017539175176594757,0.003533273153258202,-1,-1,0,-1,-0.6,0.017954657631622517,0.0396076265774572,0
2026-04-21 20:00:00,75023.43,75859.56,74967.58,75698.51,797.25703,46.4735567941611,-35.52069586851576,74.27330049533174,-109.7939963638475,75902.045,76683.30477644295,75120.78522355705,75902.045,75778.7362707039,651.9857142857155,0.008998255611613715,668.3905804999999,1.1928011154849003,-0.001795221577471473,-0.013654058867379026,0.004049983340763952,-1,-1,0,-1,-0.6,0.007919310432926707,0.030544986948884523,0
2026-04-21 21:00:00,75698.51,75777.38,75431.62,75549.99,249.37655,43.22906503189393,-47.29290034488076,49.960060327289234,-97.25296067216999,75883.16500000001,76679.92205468008,75086.40794531994,75883.16500000001,75756.95091158924,641.9871428571444,-0.0019619937037068658,661.3026115,0.3770989947164302,-0.0030507574571944085,-0.011810533381711674,0.004045147874430537,-1,-1,0,-1,-0.6,0.027196826895675263,0.03259828360003736,0
2026-04-21 22:00:00,75549.99,75650.04,75302.01,75650.04,389.29388,38.17073271710041,-47.9959904577845,30.368850170274488,-78.36484062805899,75886.6005,76678.45514044352,75094.74585955648,75886.6005,75746.76892000932,605.1614285714293,0.001324288725915057,653.962635,0.5952845914507027,0.0013822111725338981,-0.004728621937322153,0.003926752395826591,1,-1,0,-1,0.0,0.0247381230730348,0.0312079147611819,0
2026-04-21 23:00:00,75650.03,76425.37,75622.0,76336.15,477.13097,49.68041375733524,6.73253997178108,25.64158813057581,-18.90904815879473,75917.893,76729.62784011084,75106.15815988915,75917.893,75802.900451437,631.6292857142855,0.00906952593812238,665.0066085000001,0.7174830503958818,0.009601084298006768,0.005746641830472132,0.0044058884411978866,1,1,0,-1,0.0,0.015547679572522455,0.021821902204918642,0
2026-04-22 00:00:00,76336.14,76500.0,76220.4,76370.45,496.92701,45.07315053126515,52.27047646250867,30.967365796962383,21.303110665546285,75945.725,76780.28395108435,75111.16604891566,75945.725,75856.95278939538,614.6749999999998,0.0004493283981443774,676.8708224999999,0.7341533915801195,0.017954657631622517,0.009189290261453431,0.004400289815490742,1,1,0,1,0.6,0.0212710544457968,0.023398578900608813,0
2026-04-22 01:00:00,76370.46,76416.24,76132.95,76297.99,351.48706,47.84456976249235,81.5723870867223,41.08837005491437,40.48401703180793,75970.5245,76816.50005073058,75124.54894926942,75970.5245,75898.95633326248,605.7185714285723,-0.0009487962949019657,678.3682465,0.5181360740475047,0.007919310432926707,0.006109871938487332,0.00440888910166067,1,1,0,1,0.6,0.022447904590933376,0.026239354405011017,0
2026-04-22 02:00:00,76297.99,77645.35,76223.9,77604.71,1622.85639,67.89339674492167,207.83989669727453,74.43867538338641,133.40122131388813,76052.0545,77170.0471634408,74934.0618365592,76052.0545,76061.40906342796,648.7450000000016,0.01712653242896711,739.0673965,2.1958165083257057,0.027196826895675263,0.024063098516016845,0.005787877849236925,1,1,0,1,0.6,0.005258443720748129,0.008135330961226428,1
2026-04-22 03:00:00,77604.7,77733.11,77397.88,77521.48,956.6528,68.29557250530308,297.75945668619534,119.10283164394822,178.65662504224713,76123.9115,77421.03069317751,74826.79230682249,76123.9115,76200.46343833959,641.0171428571442,-0.001072486450886978,725.0638124999999,1.3194049730622848,0.0247381230730348,0.026154527555667606,0.00580679773676325,1,1,0,1,0.6,0.006313604951814655,0.017020572878639673,0
2026-04-22 04:00:00,77521.47,77700.0,77364.25,77523.0,547.1578,71.95763297916577,364.9372377979016,168.26971287473893,196.6675249231627,76174.701,77607.46798665606,74741.93401334394,76174.701,76326.41930135486,595.7121428571439,1.96074687945913e-05,706.659811,0.7742874173440153,0.015547679572522455,0.025298038452743254,0.005706784529087827,1,1,-1,1,0.19999999999999996,0.006178166479625435,0.01964255769255585,0
2026-04-22 05:00:00,77523.01,78452.18,77450.0,77994.93,2386.48879,73.89521095851616,451.05741117263096,224.82725253431735,226.2301586383136,76256.309,77903.99108680806,74608.62691319193,76256.309,76485.32508217821,628.0707142857146,0.006087612708486345,796.8506319999999,2.9949010443904625,0.0212710544457968,0.0396076265774572,0.005796216386478038,1,1,-1,1,0.19999999999999996,0.002083212331878581,0.01638529581345871,0
2026-04-22 06:00:00,77994.92,78042.84,77900.0,78010.72,576.88586,74.8686042153731,514.6498272220779,282.7917674718695,231.85805975020838,76319.5245,78134.86278710901,74504.18621289099,76319.5245,76630.60078863743,607.5078571428572,0.00020244905662458734,798.8778035,0.722120276057964,0.022447904590933376,0.030544986948884523,0.005723085702893097,1,1,-1,1,0.19999999999999996,0.003708208307781291,0.009394478092241698,1
2026-04-22 07:00:00,78010.73,78111.0,77825.0,78012.79,880.5264,79.0313356789004,558.7731181186828,337.9880376012322,220.78508051745058,76397.51699999999,78364.67332139298,74430.360678607,76397.51699999999,76762.23785638624,566.4835714285717,2.6534814702383613e-05,811.6569814999999,1.0848503987148912,0.005258443720748129,0.03259828360003736,0.005622064450235367,1,1,-1,1,0.19999999999999996,0.0028618384241867467,0.011372622361025764,0
2026-04-22 08:00:00,78012.78,78219.41,77941.59,78010.92,987.44812,78.67252050076074,586.8256894123915,387.7555679634641,199.0701214489274,76497.59,78581.78025620892,74413.39974379107,76497.59,76881.15996530185,560.8021428571436,-2.397042843871322e-05,809.04013,1.220518097167813,0.006313604951814655,0.0312079147611819,0.005396795893349413,1,1,-1,1,0.19999999999999996,0.010639792480334753,0.012965748897718399,0
2026-04-22 09:00:00,78010.92,78184.7,77956.76,78001.95,415.39605,91.26951577057186,601.4011718856782,430.484688747907,170.9164831377712,76602.6885,78770.312970672,74435.064029328,76602.6885,76987.90187336833,498.6600000000014,-0.00011498390225372912,795.505686,0.5221786057730328,0.006178166479625435,0.021821902204918642,0.005369259784109921,1,1,-1,1,0.19999999999999996,0.013381716739132798,0.010828831843306519,0
2026-04-22 10:00:00,78001.96,78180.0,77951.17,78157.41,352.72131,89.80090644221464,618.3685023489525,468.0614514681161,150.30705088083636,76726.80649999999,78954.23695092984,74499.37604907014,76726.80649999999,77099.28359971421,451.2921428571447,0.001993027097399569,765.6810459999999,0.4606634993025543,0.002083212331878581,0.023398578900608813,0.005271708767768217,1,1,-1,1,0.19999999999999996,0.014272351143672646,0.0035731736760467037,0
2026-04-22 11:00:00,78157.41,78399.0,78102.0,78300.0,560.88264,94.5985657153422,635.9897612321511,501.6471134209231,134.34264781122795,76850.074,79141.5670780487,74558.58092195129,76850.074,77213.63754259856,447.8092857142869,0.001824395153319447,747.5321025000001,0.7503124456116586,0.003708208307781291,0.026239354405011017,0.0052707266725576275,1,1,-1,1,0.19999999999999996,0.005665261813537548,0.00590919540229895,1
2026-04-22 12:00:00,78300.0,78508.18,78114.04,78236.05,952.94008,92.43576405412604,637.4464197733178,528.8069746914022,108.6394450819156,76972.8175,79286.12196061057,74659.51303938944,76972.8175,77311.01015758917,451.10285714285834,-0.0008167305236270739,770.3625745,1.2370020449377372,0.0028618384241867467,0.008135330961226428,0.0052733705414984905,1,1,-1,1,0.19999999999999996,0.008486496953769906,0.0047535630952737495,1
2026-04-22 13:00:00,78236.05,78850.0,78162.64,78840.94,1253.18724,92.22860996375299,679.5766631343577,558.9609123799933,120.6157507543644,77137.5835,79491.93336137808,74783.23363862191,77137.5835,77456.7177616283,442.81642857143015,0.007731601991664894,783.2677065,1.5999475397751508,0.010639792480334753,0.017020572878639673,0.005319920676160894,1,1,-1,1,0.19999999999999996,0.0023014692620355603,-0.008405658278554329,1
2026-04-22 14:00:00,78840.94,79174.68,78577.86,79045.75,1847.69509,92.6511194862672,721.1783448202477,591.4043988680442,129.77394595220358,77309.3605,79695.5999268212,74923.12107317879,77309.3605,77608.05416528275,465.47500000000065,0.0025977620256683043,852.8289335,2.1665483163394574,0.013381716739132798,0.01964255769255585,0.005311851780569974,1,1,-1,1,0.19999999999999996,-0.0025191740226387926,-0.007862029267860837,1
2026-04-22 15:00:00,79045.75,79400.0,78837.66,79272.9,1412.004,95.19834698187441,763.6739262571209,625.8583043458596,137.81562191126136,77521.834,79805.61054512199,75238.05745487801,77521.834,77766.6109114463,485.4071428571427,0.002873652283645889,875.7157535,1.612399907568866,0.014272351143672646,0.01638529581345871,0.00476216806352852,1,1,-1,1,0.19999999999999996,-0.010548623804604085,-0.011525628556543266,2
2026-04-22 16:00:00,79272.91,79472.82,78632.37,78743.59,1010.97362,72.65490105588121,746.0411889070238,649.8948812580925,96.14630764893127,77674.088,79849.49210849513,75498.68389150487,77674.088,77859.65653892761,443.9071428571427,-0.006677061139431006,886.4015829999998,1.1405367943707747,0.005665261813537548,0.009394478092241698,0.004968501384071564,1,1,-1,1,0.19999999999999996,0.0002425594261070696,-0.010206164082689151,2
2026-04-22 17:00:00,78743.6,79034.73,78705.71,78900.0,502.31388,76.64610008041093,736.2016233032919,667.1562296671324,69.04539363615947,77841.5885,79836.78056228145,75846.39643771855,77841.5885,77958.73686855355,443.4635714285708,0.001986320410334308,899.0484495000001,0.5587172529793679,0.008486496953769906,0.011372622361025764,0.004881068866176597,1,1,-1,1,0.19999999999999996,-0.0037015209125476067,-0.014620278833966993,2
2026-04-22 18:00:00,78900.01,79163.66,78828.76,79022.39,322.94022,77.6886456221217,729.8661046872148,679.6982046711489,50.167900016065914,78010.20599999999,79783.19212895873,76237.21987104125,78010.20599999999,78060.03716678654,443.4028571428571,0.0015512040557668083,895.7307665000001,0.36053268691647644,0.0023014692620355603,0.012965748897718399,0.004879231336852795,1,1,-1,1,0.19999999999999996,-0.010682541998539907,-0.013949211103334136,2
2026-04-22 19:00:00,79022.4,79067.6,78706.81,78846.62,557.30668,67.65943859038009,702.5632783676556,684.2712194104503,18.292058957205313,78135.7295,79758.82148242735,76512.63751757266,78135.7295,78134.94981756878,397.58928571428675,-0.0022243063010369823,899.7395519999998,0.6194088931193281,-0.0025191740226387926,0.010828831843306519,0.0046915845801986985,-1,1,0,1,0.0,-0.005356348820025558,-0.01030798783765241,2
2026-04-22 20:00:00,78846.62,78915.84,78410.0,78436.68,436.66543,57.59130019461205,640.4639896173758,675.5097734518355,-35.04578383445971,78239.041,79636.36364223811,76841.71835776189,78239.041,78163.68602541937,423.5178571428582,-0.005199208285656454,896.7264729999999,0.48695498922780217,-0.010548623804604085,0.0035731736760467037,0.004930316853870094,-1,1,0,-1,-0.6,-0.000987420681242468,-0.00287174316913974,1
2026-04-22 21:00:00,78436.69,78821.86,78425.0,78762.69,299.34545,61.98107057951392,610.5184615125327,662.5115110639749,-51.993049551442255,78362.27599999998,79436.10017231987,77288.4518276801,78362.27599999998,78220.73402299848,431.43642857142964,0.004156346240050013,894.1193925,0.33479359972611267,0.0002425594261070696,0.00590919540229895,0.004937341452196133,1,1,0,-1,0.0,-0.010446189687020602,-0.009066094619165632,2
2026-04-22 22:00:00,78762.68,78824.0,78456.15,78607.95,294.6414,59.0944403315876,567.7554584502068,643.5603005412213,-75.8048420910145,78412.438,79429.48658053688,77395.38941946311,78412.438,78257.61173509386,437.86714285714385,-0.0019646357939273607,827.7086429999999,0.3559723611584904,-0.0037015209125476067,0.0047535630952737495,0.003376945547885011,-1,1,0,-1,-0.6,-0.010959324088721134,-0.009535931162178768,2
2026-04-22 23:00:00,78607.95,78607.95,78155.83,78178.23,712.06893,52.3801422576516,493.50187532784184,613.5486154985455,-120.04674017070363,78445.2755,79380.30415967245,77510.24684032756,78445.2755,78250.05156984682,453.8800000000005,-0.005466622650762476,815.4794495,0.8731905266731066,-0.010682541998539907,-0.008405658278554329,0.0036283483078244794,-1,-1,0,-1,-0.6,-0.0033019422414654054,-0.0066884348750284595,1
2026-04-23 00:00:00,78178.22,78574.44,77582.17,78424.29,1778.58027,53.51737335716193,449.3307560687099,580.7050436125784,-131.3742875438685,78490.34,79319.04290956749,77661.6370904325,78490.34,78266.64570605189,508.4114285714292,0.0031474235218678093,877.0505729999999,2.0279107325775616,-0.005356348820025558,-0.007862029267860837,0.00367689585203473,-1,-1,0,-1,-0.6,-0.004978304553346913,-0.013014590250035929,2
2026-04-23 01:00:00,78424.3,78472.95,78057.5,78359.23,586.8685,50.79691406029255,404.4132038734533,545.4466756647533,-141.03347179130003,78508.55500000001,79306.86617439738,77710.24382560264,78508.55500000001,78275.46325785646,516.8721428571433,-0.0008295899140431384,787.0695585,0.7456374009921768,-0.000987420681242468,-0.011525628556543266,0.003450364402943194,-1,-1,0,-1,-0.6,-0.0018861849459215208,-0.008353961620092498,1
2026-04-23 02:00:00,78359.71,78359.72,77761.2,77939.92,508.32327,46.3634421120108,331.16346122618415,502.5900327770395,-171.42657155085533,78505.015,79313.18823794849,77696.84176205151,78505.015,78243.50675710823,531.4707142857151,-0.005351124558013121,783.641429,0.6486681933708739,-0.010446189687020602,-0.010206164082689151,0.003669918781207719,-1,-1,0,-1,-0.6,0.0013946639924700133,-0.0008903011447791709,1
2026-04-23 03:00:00,77939.91,78025.99,77453.43,77746.46,609.2036,35.04865934089959,254.56741258544207,452.98550873872006,-198.418096153278,78491.6985,79341.71491730298,77641.68208269702,78491.6985,78196.16897071697,523.2707142857159,-0.0024821683163133157,770.0752890000001,0.7910961547553307,-0.010959324088721134,-0.014620278833966993,0.0037102126407104544,-1,-1,0,-1,-0.6,0.001439165204434989,-0.0027554952341239947,1
2026-04-23 04:00:00,77746.47,77949.09,77675.8,77920.09,305.0499,34.49059785723725,205.50603644142393,403.4896142792608,-197.9835778378369,78487.157,79348.87906751082,77625.4349324892,78487.157,78169.87573541059,500.1614285714303,0.002233284962427806,735.955378,0.4144951027180346,-0.0033019422414654054,-0.013949211103334136,0.0037488415234013224,-1,-1,0,-1,-0.6,-0.003397711681287885,0.0033454786820703575,1
2026-04-23 05:00:00,77920.09,78110.01,77750.0,78033.87,680.89298,32.378064563842756,173.80215443184716,357.5521223097781,-183.74996787793094,78488.753,79346.80166810403,77630.70433189596,78488.753,78156.92280822863,485.7092857142873,0.0014602139191575159,749.2302245,0.908790059096181,-0.004978304553346913,-0.01030798783765241,0.003763955447603981,-1,-1,0,-1,-0.6,-0.008076492938258628,0.004394117579968881,1
2026-04-23 06:00:00,78034.0,78339.35,78034.0,78211.43,433.12959,41.589966622838,161.14660978694155,318.2710198052108,-157.12441001826926,78491.454,79345.44150879892,77637.46649120108,78491.454,78162.11396934971,447.49714285714435,0.002275422198078747,753.2506384999999,0.5750139035560872,-0.0018861849459215208,-0.00287174316913974,0.0037722386013132624,-1,-1,0,-1,-0.6,-0.006479999151019156,-0.0013771644374740433,1
2026-04-23 07:00:00,78211.43,78248.39,77981.88,78048.62,292.35484,36.57230998284031,136.407176121691,281.89825106850685,-145.49107494681584,78478.885,79351.92414204731,77605.84585795268,78478.885,78151.30501988783,443.0321428571447,-0.0020816650456333408,739.8242485,0.39516796129993303,0.0013946639924700133,-0.009066094619165632,0.0037761763884171158,1,-1,0,-1,0.0,-0.0022817828169158227,-0.0035799479862679284,1
2026-04-23 08:00:00,78048.61,78175.52,77714.86,77858.35,1135.26875,32.025990389485244,100.29169759625802,245.57694037405707,-145.28524277779906,78460.0,79370.68503612414,77549.31496387586,78460.0,78123.40454180328,452.0150000000015,-0.0024378393878070614,748.940682,1.5158326651028418,0.001439165204434989,-0.009535931162178768,0.003808411634799274,1,-1,0,-1,0.0,-0.004188632304691908,-0.0023080376093252974,1
2026-04-23 09:00:00,77858.34,77860.8,77440.85,77655.34,772.05261,31.75882597937128,54.658639519664575,207.3932802031786,-152.73464068351402,78400.72,79360.0486501614,77441.3913498386,78400.72,78078.82696639343,456.240714285715,-0.002607427462822054,724.8839505,1.0650706357444728,-0.003397711681287885,-0.0066884348750284595,0.0033434291359130787,-1,-1,0,-1,-0.6,0.006766179891814383,0.0009261436496188491,1
2026-04-23 10:00:00,77655.35,77709.16,77174.01,77403.63,1129.48909,33.37613810815775,-1.7960770875652088,165.55540874502984,-167.35148583259505,78318.614,79325.40946794748,77311.81853205252,78318.614,78014.52249340358,458.3342857142873,-0.003241373999521402,688.9736505,1.6393792261580837,-0.008076492938258628,-0.013014590250035929,0.0032900419124016872,-1,-1,0,-1,-0.6,0.012572149394026955,0.006244409984389465,0
2026-04-23 11:00:00,77403.63,77757.31,77365.57,77704.62,525.42671,32.83529789657051,-21.995914006765815,128.0451441946707,-150.04105820143653,78240.2,79175.8256614411,77304.5743385589,78240.2,77985.00797022229,457.9685714285723,0.0038885773186605466,644.6447860000001,0.8150639257632961,-0.006479999151019156,-0.008353961620092498,0.003360716325076677,-1,-1,0,-1,-0.6,0.005136116745696695,0.0020617821694515204,1
2026-04-23 12:00:00,77704.61,77870.54,77491.18,77870.53,636.21566,38.08029017741671,-24.336345621442888,97.56884623144798,-121.90519185289087,78196.54699999999,79114.58504252891,77278.50895747107,78196.54699999999,77974.10530639159,458.7907142857148,0.002135136881179056,625.906888,1.0164701366890851,-0.0022817828169158227,-0.0008903011447791709,0.003147192111183458,-1,-1,0,-1,-0.6,-0.0013011340747262068,0.0046843138219299085,1
2026-04-23 13:00:00,77870.54,77904.37,77379.92,77532.23,592.70115,39.24000453052426,-52.87957442930201,67.47916209929798,-120.35873652859999,78128.15849999999,79029.17570182242,77227.14129817756,78128.15849999999,77932.0219438781,463.9571428571435,-0.0043443906186333425,630.4262514999999,0.9401593740580456,-0.004188632304691908,-0.0027554952341239947,0.0031963728560105396,-1,-1,0,-1,-0.6,0.0018885049482002536,0.009354174386574376,1
2026-04-23 14:00:00,77532.23,78201.53,77414.0,78180.77,926.52082,46.42338896819954,-22.904502134260838,49.40242925258621,-72.30693138684705,78086.0775,78883.95676451443,77288.19823548557,78086.0775,77955.71223493734,449.3328571428574,0.008364779395614086,660.6052814999999,1.4025331706343618,0.006766179891814383,0.0033454786820703575,0.0037780885740438413,1,1,0,-1,0.0,-0.005800787073343083,0.0030244010131903476,1
2026-04-23 15:00:00,78180.78,78662.5,77983.25,78376.76,1008.45262,50.2479301439494,16.475790998723824,42.81710160181374,-26.341310603089916,78062.5845,78790.80320255188,77334.36579744812,78062.5845,77995.81202208616,468.1757142857147,0.002506882446923875,683.1625785,1.476153190671289,0.012572149394026955,0.004394117579968881,0.003814262008702102,1,1,0,-1,0.0,-0.006249173862251989,0.0006758380928224561,1
2026-04-23 16:00:00,78376.77,78509.82,78030.0,78103.72,661.93618,52.416642077309014,25.360570051634568,39.32579529177791,-13.96522524014334,78045.9365,78753.0638751417,77338.8091248583,78045.9365,78006.08897236366,459.69714285714355,-0.0034836857252071862,694.426116,0.953213257319372,0.005136116745696695,-0.0013771644374740433,0.0037161239412997512,1,-1,0,-1,0.0,-0.003058625120544778,0.00028078048011015433,1
2026-04-23 17:00:00,78103.72,78184.85,76960.0,77769.21,1724.53866,50.322233396127544,5.3480115312559064,32.530238539673505,-27.1822270084176,77996.2625,78626.82285108726,77365.70214891274,77996.2625,77983.5290702338,506.28928571428594,-0.004282894591960518,765.6857765,2.252279868489891,-0.0013011340747262068,-0.0035799479862679284,0.0036735889387368176,-1,-1,0,-1,-0.6,0.005993245913131995,-0.0004032444202531904,1
2026-04-23 18:00:00,77769.2,78146.75,77678.65,77678.65,731.06838,46.49780387469606,-17.616448979373672,22.500901035864064,-40.11735001523773,77949.7975,78525.1081933102,77374.4868066898,77949.7975,77954.49296830677,520.2042857142868,-0.0011644711319558354,787.5071255,0.9283324002126759,0.0018885049482002536,-0.0023080376093252974,0.003662607546849146,1,-1,0,-1,0.0,0.007451597060453619,-0.00011135620920288414,1
2026-04-23 19:00:00,77678.65,77886.88,77592.92,77727.26,830.20485,45.466776666932766,-31.530069618980633,11.694706904895124,-43.22477652387576,77927.249,78500.2079322164,77354.29006778359,77927.249,77932.85173322994,515.4864285714305,0.0006257832750697911,793.4139215,1.046370409571897,-0.005800787073343083,0.0009261436496188491,0.0034845264043784226,-1,1,0,-1,-0.6,0.008876679816064659,0.0029104332251002063,1
2026-04-23 20:00:00,77727.25,78050.0,77637.5,77886.97,391.74493,45.17740995731233,-29.33133855748747,3.4894978124186036,-32.820836369906075,77900.383,78423.4259606128,77377.3400393872,77900.383,77928.4820443509,523.1307142857155,0.002054748874461776,724.0721544999999,0.541030237891851,-0.006249173862251989,0.006244409984389465,0.003436132549783195,-1,1,0,-1,-0.6,0.006968559696185261,-0.0012482190538417592,1
2026-04-23 21:00:00,77886.97,78070.0,77800.0,77864.83,211.37751,47.14903095905125,-29.040579594118753,-3.01651766888887,-26.024061925229883,77875.66299999999,78352.04809123596,77399.27790876401,77875.66299999999,77922.4199448889,523.3800000000016,-0.0002842580729485178,705.297605,0.299699741643104,-0.003058625120544778,0.0020617821694515204,0.0034341902251259298,-1,1,0,-1,-0.6,0.0033496509271258024,-0.0028283629464033178,1
2026-04-23 22:00:00,77864.84,78331.0,77864.83,78235.3,271.3302,55.53769806874703,1.071332181658363,-2.1989476987794236,3.2702798804377866,77890.432,78392.81064299885,77388.05335700115,77890.432,77952.21804537567,523.7735714285726,0.004757860512891288,693.4479515,0.39127695079794317,0.005993245913131995,0.0046843138219299085,0.003397033776453194,1,1,0,1,0.6,-0.006358382980572674,-0.0057466386656662705,1
2026-04-23 23:00:00,78235.29,78298.01,78030.0,78257.48,228.06394,59.34228246231377,26.420421667717164,3.524926174519896,22.895495493197267,77915.983,78439.08400765003,77392.88199234995,77915.983,77981.29061248276,512.9207142857152,0.00028350373808239127,674.3909685,0.33817763085894587,0.007451597060453619,0.009354174386574376,0.003338114474852862,1,1,0,1,0.6,-0.007507014026007397,-0.009325498342139249,1
2026-04-24 00:00:00,78257.48,78490.83,78172.01,78417.22,451.37457,66.18796495341276,58.72252400960133,14.564445741536186,44.15807826806514,77940.83949999999,78509.98094127634,77371.69805872363,77940.83949999999,78022.8076970082,497.4685714285723,0.0020412106293226095,681.7072019999999,0.6621238101574289,0.008876679816064659,0.0030244010131903476,0.0033326311548535583,1,1,0,1,0.6,-0.00591375210699896,-0.008478494902012579,1
2026-04-24 01:00:00,78417.22,78450.0,77952.16,78429.73,533.84795,62.75609472910163,84.35918511493946,28.52339361621685,55.835791498722614,77960.63249999999,78569.54065069632,77351.72434930367,77960.63249999999,78061.56220205504,505.04714285714414,0.00015953128662293814,674.3549505,0.7916423681685422,0.006968559696185261,0.0006758380928224561,0.0033219513190426665,1,1,0,1,0.6,-0.008159915889038416,-0.002415793092746865,1
2026-04-24 02:00:00,78429.73,78581.93,78067.17,78125.65,425.56297,54.27999114206905,79.22643600814627,38.664002094602736,40.56243391354353,77956.3435,78558.98974777656,77353.69725222344,77956.3435,78067.66580185933,514.7185714285723,-0.003877101196191779,673.9766195,0.6314209687506823,0.0033496509271258024,0.00028078048011015433,0.003409055929414768,1,1,0,1,0.6,-0.006157388770525296,0.0019201120246681302,1
2026-04-24 03:00:00,78125.65,78178.4,77555.0,77737.85,639.95986,53.39320369123547,43.3665734770766,39.60451637109751,3.762057105979089,77940.80500000001,78549.429407946,77332.18059205402,77940.80500000001,78036.25477311082,521.7864285714293,-0.004963798701194677,691.3568705,0.925657771415754,-0.006358382980572674,-0.0004032444202531904,0.0035571849039117594,-1,-1,0,1,0.0,0.0006156589100418941,0.0045787219481885355,1
2026-04-24 04:00:00,77737.84,77854.57,77482.49,77670.0,605.14416,39.57267504766868,9.364498007140355,33.55651269830608,-24.192014691165724,77931.3875,78551.11157563471,77311.66342436528,77931.3875,78001.37336614789,492.1114285714294,-0.0008728052036428569,664.850641,0.9101956479876508,-0.007507014026007397,-0.00011135620920288414,0.003522256550872345,-1,-1,0,-1,-0.6,-0.0018322389597013045,0.004733359083301192,1
2026-04-24 05:00:00,77670.01,78057.65,77457.0,77953.48,423.6718,41.656811265118186,5.231766536278883,27.89156346590064,-22.659796929621756,77946.2945,78552.2503174698,77340.3386825302,77946.2945,77996.81209318142,486.49714285714333,0.0036498004377494286,647.4316005,0.6543885094159844,-0.00591375210699896,0.0029104332251002063,0.0035668505853626124,-1,1,0,-1,-0.6,-0.002580000277088268,0.0010921898547697761,1
2026-04-24 06:00:00,77953.48,77979.54,77761.2,77789.75,280.75336,43.532712359467205,-11.126832382884459,20.087884296143617,-31.214716679028076,77965.6005,78521.27621736834,77409.92478263166,77965.6005,77977.09189383082,467.8199999999997,-0.002100355237508289,604.9948139999999,0.46405911836460806,-0.008159915889038416,-0.0012482190538417592,0.0035177361187527065,-1,-1,0,-1,-0.6,0.005791379969726007,-0.00016030389607890605,1
2026-04-24 07:00:00,77789.75,77855.67,77543.52,77644.6,696.90666,47.216053547571256,-35.395514357907814,8.991204565333328,-44.38671892324114,77962.5995,78524.81953900812,77400.37946099187,77962.5995,77945.42599918025,402.62714285714173,-0.0018659270662265692,613.5688115,1.1358247794510004,-0.006157388770525296,-0.0028283629464033178,0.0034393327889551384,-1,-1,0,-1,-0.6,0.00812754525105408,0.00047794695316860647,1
2026-04-24 08:00:00,77644.59,78000.0,77550.73,77785.71,731.67499,52.339025413360645,-42.74943312058167,-1.3569229718496747,-41.39251014873199,77958.3585,78524.7668330873,77391.9501669127,77958.3585,77930.21495163927,401.2821428571416,0.0018173833080472601,618.341778,1.1832857103179595,0.0006156589100418941,-0.0057466386656662705,0.003429509929804369,1,-1,0,-1,0.0,0.003960624644295141,-0.002152966142495827,1
2026-04-24 09:00:00,77785.7,77804.23,77402.01,77527.69,621.09775,46.00535634935581,-68.60666938056238,-14.80687225359222,-53.79979712697016,77958.1315,78525.26208494513,77391.00091505487,77958.1315,77891.87924195934,409.0149999999984,-0.003317061707092561,619.761608,1.0021558966911677,-0.0018322389597013045,-0.009325498342139249,0.0033689458041040823,-1,-1,0,-1,-0.6,0.006577649869356383,0.0013048241215494194,1
2026-04-24 10:00:00,77527.7,77784.0,77444.95,77752.36,379.99202,47.373904086338655,-70.16095226939069,-25.87768825675192,-44.28326401263877,77936.711,78500.78891155237,77372.63308844762,77936.711,77878.59169510606,403.76857142857,0.002897932338755238,592.4351680000001,0.641406926065537,-0.002580000277088268,-0.008478494902012579,0.0028340702874378094,-1,-1,0,-1,-0.6,0.003681688890214918,-0.00043792882942716993,1
2026-04-24 11:00:00,77752.37,78372.58,77752.37,78240.26,1186.36064,56.19789413905015,-31.65834254103538,-27.033819113608615,-4.624523427426766,77929.886,78474.51349016016,77385.25850983984,77929.886,77913.03629557215,428.7842857142844,0.00627505068656431,601.330569,1.9728926170723247,0.005791379969726007,-0.002415793092746865,0.003137468549872025,1,-1,0,-1,0.0,-0.005917413873624655,-0.008995113257547982,1
2026-04-24 12:00:00,78240.27,78345.15,78016.51,78275.66,579.40035,50.74917768653337,1.6922302380553447,-21.288609243275822,22.980839481331166,77938.48300000001,78499.83549658794,77377.13050341207,77938.48300000001,77947.57188647005,418.96071428571304,0.0004524524841815758,597.2037775000001,0.9701886890693686,0.00812754525105408,0.0019201120246681302,0.003034657216572116,1,1,0,1,0.6,-0.007587927077203793,-0.012095075276273626,2
2026-04-24 13:00:00,78275.65,78479.37,77913.27,78093.79,852.96848,47.131577010559624,13.2941635522875,-14.372054684163157,27.666218236450657,77954.712,78514.22368139276,77395.20031860724,77954.712,77961.49742109195,440.25285714285565,-0.0023234553372020184,553.6252685000001,1.5406964395087033,0.003960624644295141,0.0045787219481885355,0.0029144737735132824,1,1,0,1,0.6,-0.006089472671258367,-0.008408607137648016,1
2026-04-24 14:00:00,78093.8,78093.8,77681.74,78037.64,755.72516,43.0978426894374,17.753294626949355,-7.946984821940653,25.700279448890008,77972.6615,78517.7305756816,77427.5924243184,77972.6615,77968.74909527367,446.912857142855,-0.0007190072347621479,554.8581075,1.3620151706983934,0.006577649869356383,0.004733359083301192,0.002905085392345234,1,1,0,1,0.6,-0.005238369586778813,-0.007442049759577518,1
2026-04-24 15:00:00,78037.65,78233.18,77577.22,78038.62,662.02033,42.85823847139895,21.122775729571003,-2.1330327116383203,23.255808441209325,77988.22949999999,78521.44374291903,77455.01525708094,77988.22949999999,77975.40346715237,458.20714285714035,1.2558042503441058e-05,546.4488815,1.2114954434214538,0.003681688890214918,0.0010921898547697761,0.0029039750090265066,1,1,0,1,0.6,-0.004104506204748337,-0.006368513436039613,1
2026-04-24 16:00:00,78038.63,78060.29,77586.86,77777.28,525.06319,43.53781372312606,2.674331855814671,-1.1715597981477217,3.8458916539623926,77982.745,78522.5602505501,77442.92974944989,77982.745,77956.53456551881,455.2549999999974,-0.003348854708091875,553.1147945,0.9492842990660594,-0.005917413873624655,-0.00016030389607890605,0.002973257702756261,-1,-1,0,1,0.0,-0.003096019814526896,-0.002179042517300611,1
2026-04-24 17:00:00,77776.76,77829.17,77489.6,77681.71,537.36482,48.83198375512854,-19.433871542205452,-4.824022146959269,-14.609849395246183,77973.589,78527.84409512287,77419.33390487714,77973.589,77930.36079737416,434.98142857142585,-0.0012287650069531253,569.41416,0.9437152388342432,-0.007587927077203793,0.00047794695316860647,0.0029843825308586464,-1,1,0,-1,-0.6,-0.004541609601539487,-3.39848337530535e-05,1
2026-04-24 18:00:00,77681.72,77717.08,77363.63,77618.24,321.31558,48.92114522018986,-41.596778802297194,-12.178573478026857,-29.41820532427034,77942.736,78504.30072876778,77381.17127123223,77942.736,77900.63500714806,433.6507142857112,-0.0008170520448120833,571.913429,0.5618255555947088,-0.006089472671258367,-0.002152966142495827,0.0027571455226344053,-1,-1,0,-1,-0.6,-0.002333343296627155,1.0435691404575564e-05,1
2026-04-24 19:00:00,77618.25,77748.66,77532.46,77628.85,250.57895,42.36513215144165,-57.64046080035041,-21.270950942491574,-36.36950985785884,77911.3045,78469.05144100393,77353.55755899606,77911.3045,77874.750720753,406.18999999999716,0.00013669467382926292,573.0391795,0.43728065892220547,-0.005238369586778813,0.0013048241215494194,0.0027554466869824192,-1,1,0,-1,-0.6,-0.0022152846525486103,-0.001527396064736286,1
2026-04-24 20:00:00,77628.84,77757.14,77458.0,77718.31,376.29595,48.259004727786646,-62.41701551905135,-29.500163857803532,-32.91685166124782,77876.35900000001,78386.15988227128,77366.55811772874,77876.35900000001,77859.85160449082,411.9614285714259,0.001152406611717005,569.2852485000001,0.6609971907606876,-0.004104506204748337,-0.00043792882942716993,0.0027209610345068336,-1,-1,0,-1,-0.6,-0.0022733381618822435,-0.0027622834310214728,1
2026-04-24 21:00:00,77718.31,77756.15,77536.48,77536.48,322.69633,47.41139064729574,-79.9529827143997,-39.59072762912277,-40.36225508527693,77831.6965,78291.42501389241,77371.9679861076,77831.6965,77829.05430882503,405.35571428571194,-0.0023396031128314343,558.7276675,0.5775556657931209,-0.003096019814526896,-0.008995113257547982,0.002749025035054886,-1,-1,0,-1,-0.6,0.0009198250939430608,-0.0004551405996248148,1
2026-04-24 22:00:00,77536.49,77616.78,77264.08,77328.91,278.27896,39.40060514933808,-109.33913384789776,-53.54040887287777,-55.79872497501999,77791.85949999999,78281.44790475766,77302.27109524232,77791.85949999999,77781.42151750835,398.45785714285427,-0.002677062461437396,551.3634669999999,0.504710552395014,-0.004541609601539487,-0.012095075276273626,0.0026853791690277565,-1,-1,0,-1,-0.6,0.004528190039145841,0.004066525701706958,1
2026-04-24 23:00:00,77328.92,77456.87,77328.92,77437.13,237.08832,47.74169093883417,-122.48350714227126,-67.32902852675647,-55.15447861551479,77776.8235,78291.2376675645,77262.40933243549,77776.8235,77748.63184917421,378.8678571428536,0.0013994765993727842,531.2198900000001,0.4463091922254643,-0.002333343296627155,-0.008408607137648016,0.002500380123142856,-1,-1,0,-1,-0.6,0.0023492606195503196,0.003582519135200357,1
2026-04-25 00:00:00,77437.13,77502.99,77309.92,77456.88,429.63681,41.79276937093085,-129.81048328866018,-79.82531947913722,-49.98516380952296,77766.16750000001,78298.41907710631,77233.9159228937,77766.16750000001,77720.84595877667,368.44071428571107,0.00025504560925737607,522.4445225,0.8223587223081663,-0.0022152846525486103,-0.007442049759577518,0.0024969052545515433,-1,-1,0,-1,-0.6,0.0006894158401422601,0.004271925231173812,1
2026-04-25 01:00:00,77456.88,77620.52,77440.8,77541.63,200.07888,24.994810196353654,-127.3109861578996,-89.3224528148897,-37.988533343009905,77745.575,78279.17959763917,77211.97040236082,77745.575,77703.77777222652,336.97642857142534,0.0010941571620235457,511.26487650000007,0.39134094516660967,-0.0022733381618822435,-0.006368513436039613,0.0023543767482700536,-1,-1,1,-1,-0.19999999999999996,-0.0004900593397378916,0.0018141222979191074,1
2026-04-25 02:00:00,77541.63,77644.04,77504.43,77607.8,171.0703,26.61128776948142,-118.62333471747115,-95.18262919540601,-23.440705522065144,77736.4775,78273.10656846507,77199.84843153492,77736.4775,77694.63703201446,323.47428571428253,0.0008533480660646298,505.7807235,0.3382301698178499,0.0009198250939430608,-0.002179042517300611,0.0023254667694046806,1,-1,1,-1,0.39999999999999997,-0.0013737021278789063,-0.0006527694381235349,1
2026-04-25 03:00:00,77607.8,77711.87,77550.27,77679.07,142.22205,34.25679882168957,-104.77958119899267,-97.10201959612336,-7.677561602869318,77738.201,78273.80805025292,77202.59394974708,77738.201,77693.15445753689,294.5814285714254,0.000918335528129921,478.046493,0.29750673225836216,0.004528190039145841,-3.39848337530535e-05,0.0022982813211100957,1,-1,0,-1,0.0,-0.00045958325711170644,0.00016246332506297811,1
2026-04-25 04:00:00,77679.08,77691.23,77596.37,77619.05,275.21191,34.156440905064954,-97.52718649135204,-97.18705297516911,-0.34013351618293086,77729.868,78267.54466105845,77192.19133894156,77729.868,77686.09689015243,271.92428571428275,-0.000772666305093539,455.223339,0.6045645871421368,0.0023492606195503196,1.0435691404575564e-05,0.0022646772746687223,1,1,0,-1,0.0,0.0012303680604182077,0.0004857055065734528,1
2026-04-25 05:00:00,77619.05,77619.05,77485.51,77510.28,174.55862,31.511058230683062,-99.41049905384716,-97.63174219090473,-1.77875686294243,77728.9975,78268.10684384078,77189.88815615921,77728.9975,77669.35242442363,234.60857142856963,-0.0014013312453580173,432.89638249999996,0.4032341850304097,0.0006894158401422601,-0.001527396064736286,0.0021597438965762113,1,-1,0,-1,0.0,0.003580041253882671,-0.0023225306372265386,1
2026-04-25 06:00:00,77510.27,77582.28,77489.35,77503.63,269.54814,38.346492236672994,-100.2836299896444,-98.16211975065268,-2.1215102389917178,77716.561,78264.799533359,77168.32246664101,77716.561,77653.56933638328,207.42999999999822,-8.579507131178943e-05,427.37418849999995,0.6307075795711047,-0.0004900593397378916,-0.0027622834310214728,0.0020485654715283563,-1,-1,0,-1,-0.6,0.002305311377028385,-0.0013723228189440606,1
2026-04-25 07:00:00,77503.63,77566.26,77450.0,77501.19,174.69907,41.65016929082847,-100.01951741809899,-98.53359928414196,-1.4859181339570284,77679.60750000001,78176.43933149328,77182.77566850674,77679.60750000001,77639.0570186325,191.4792857142841,-3.1482396372961574e-05,376.79111,0.46364965988714546,-0.0013737021278789063,-0.0004551405996248148,0.001383673067864542,-1,-1,0,-1,-0.6,0.0007219243988383361,-0.003295691330674977,1
2026-04-25 08:00:00,77501.19,77654.41,77491.36,77643.37,116.50084,51.083479205649375,-87.33077375187713,-96.29303417768901,8.962260425811877,77647.993,78058.01069362948,77237.97530637053,77647.993,77639.46777876274,177.87928571428452,0.0018345524759038057,353.6461345,0.3294277206358097,-0.00045958325711170644,0.004066525701706958,0.00146450572174556,-1,1,0,1,0.0,0.0006223325958161219,-0.00425496729469621,1
2026-04-25 09:00:00,77643.38,77779.65,77587.1,77714.55,144.65626,53.51154671955146,-70.7160512355913,-91.17763758926948,20.461586353678186,77629.031,77983.56483427998,77274.49716572002,77629.031,77646.61846649964,176.18999999999818,0.0009167556740519167,318.2305235,0.45456437807732797,0.0012303680604182077,0.003582519135200357,0.0014195747285785623,1,1,0,1,0.6,-0.0007437474707117087,-0.004948108172794008,1
2026-04-25 10:00:00,77714.56,77885.35,77714.55,77787.77,306.44644,52.88450357967501,-51.05202588821703,-83.152515249059,32.10048936084196,77616.5375,77925.06972734652,77308.00527265349,77616.5375,77660.06146969015,167.02285714285557,0.0009421659135901983,295.76658749999996,1.036109056774373,0.003580041253882671,0.004271925231173812,0.0014386903942234215,1,1,0,1,0.6,-0.005881515821831718,-0.003967718832921907,1
2026-04-25 11:00:00,77787.76,77787.77,77607.03,77682.3,185.59351,56.46560133373564,-43.47751000763674,-75.21751420077454,31.740004193137807,77598.72150000001,77838.01234492543,77359.4306550746,77598.72150000001,77662.17942495775,164.24214285714177,-0.0013558686667582975,271.94524650000005,0.6824664611300716,0.002305311377028385,0.0018141222979191074,0.0014624282267030582,1,1,0,1,0.6,-0.0036691756037089407,-0.00201410102430033,1
2026-04-25 12:00:00,77682.29,77717.95,77550.61,77557.14,161.82067,60.9174838555366,-47.03186354841455,-69.58038407030254,22.548520521887994,77587.7145,77812.21784305302,77363.21115694699,77587.7145,77652.17567019987,151.00214285714173,-0.0016111778358777196,253.7831205,0.6376336995194288,0.0007219243988383361,-0.0006527694381235349,0.0013110246351232795,1,-1,0,1,0.6,-0.004014717407062607,-1.6761835209821996e-06,1
2026-04-25 13:00:00,77557.14,77710.91,77557.14,77691.69,161.65796,61.877787939304284,-38.547304487234214,-63.37376815368888,24.826463666454664,77588.2135,77813.63898681825,77362.78801318175,77588.2135,77655.93893970463,152.84571428571402,0.0017348499441831589,234.99777749999998,0.6879127186639031,0.0006223325958161219,0.00016246332506297811,0.001348541579144515,1,1,0,1,0.6,-0.004874266475603739,-0.000858392963262844,1
2026-04-25 14:00:00,77691.7,77752.54,77638.0,77656.75,202.75966,59.19559796461036,-34.24780887532688,-57.548576298016485,23.300767422689603,77590.139,77817.29561100445,77362.98238899554,77590.139,77656.01618354229,147.23642857142735,-0.00044972634782436405,229.06998149999998,0.885142866264212,-0.0007437474707117087,0.0004857055065734528,0.0013391926676156937,-1,1,0,1,0.0,-0.0042074900121368275,-0.0019875928364244677,1
2026-04-25 15:00:00,77656.74,77722.7,77299.89,77330.26,480.35839,42.04484723487191,-56.533756086806534,-57.34561225577449,0.8118561689679566,77575.2095,77829.30494491434,77321.11405508565,77575.2095,77624.9917851097,164.59999999999854,-0.004204270716969272,240.5589535,1.9968426991016153,-0.005881515821831718,-0.0023225306372265386,0.001638565399848233,-1,-1,0,1,0.0,0.0019251196103571289,0.0016927396856032395,1
2026-04-25 16:00:00,77330.25,77454.31,77140.23,77397.27,471.60364,42.08146838680583,-68.00446964467119,-59.477383733553836,-8.527085911117354,77559.1575,77815.73937585403,77302.57562414597,77559.1575,77603.30399605163,177.06214285714148,0.0008665430583061351,245.32433800000004,1.9223679307350252,-0.0036691756037089407,-0.0013723228189440606,0.0016274354923981672,-1,-1,0,-1,-0.6,0.0016611697027555383,0.0014910086621917618,1
2026-04-25 17:00:00,77397.27,77407.03,77210.96,77245.77,151.09691,34.630173526866386,-88.30198631084932,-65.24230424901293,-23.059682061836384,77544.622,77837.04727476437,77252.19672523564,77544.622,77569.25313928482,179.52428571428442,-0.0019574333823402235,236.74436699999995,0.6382281104073747,-0.004014717407062607,-0.003295691330674977,0.001603123507450854,-1,-1,0,-1,-0.6,0.004029217392745199,0.0019993327789988857,1
2026-04-25 18:00:00,77245.78,77389.01,77216.29,77313.0,331.13304,39.19917560118303,-97.83523171814159,-71.76088974283867,-26.074341975302914,77543.8265,77838.79804146755,77248.85495853244,77543.8265,77544.84807840055,185.08571428571304,0.0008703389195290345,239.38707100000002,1.383253651154786,-0.004874266475603739,-0.00425496729469621,0.0015063979514066985,-1,-1,0,-1,-0.6,0.004035543828334154,0.0059665256813212775,1
2026-04-25 19:00:00,77313.0,77343.81,77193.79,77330.01,293.84127,43.19751250915065,-102.83244414016372,-77.97520062230369,-24.857243517860027,77538.4705,77845.25299337613,77231.68800662387,77538.4705,77524.38730902907,186.2628571428556,0.0002200147452562362,242.22471850000002,1.2130936587299614,-0.0042074900121368275,-0.004948108172794008,0.001471019204683127,-1,-1,0,-1,-0.6,0.0022292768357330406,0.008448207882036929,1
2026-04-25 20:00:00,77330.0,77481.7,77311.05,77479.13,85.63447,49.165247018739365,-93.68014681679779,-81.11618986120251,-12.563956955595273,77539.58300000001,77845.27915075135,77233.88684924868,77539.58300000001,77520.07708912154,191.81428571428427,0.0019283587316232254,225.02460150000002,0.38055603444763786,0.0019251196103571289,-0.003967718832921907,0.0015364989816381818,1,-1,0,-1,0.0,-0.00023193342516880655,0.006710323154119013,1
2026-04-25 21:00:00,77479.14,77530.0,77415.2,77525.84,150.55151,50.81526951851121,-81.7158096339117,-81.23611381574436,-0.4796958181673432,77538.7935,77844.54894490048,77233.03805509952,77538.7935,77520.62593777663,191.70999999999913,0.0006028720250212949,222.54823300000004,0.676489352310427,0.0016611697027555383,-0.00201410102430033,0.0015222070811624652,1,-1,0,-1,0.0,-0.00016987884297670064,0.007438681090072619,1
2026-04-25 22:00:00,77525.83,77634.77,77498.81,77557.01,242.12513,46.91738770381796,-68.92431116146327,-78.77375328488814,9.849442123424879,77536.25399999999,77840.43584486288,77232.0721551371,77536.25399999999,77524.0910865598,189.77499999999938,0.0004020594939699862,226.10097449999998,1.0708716781758056,0.004029217392745199,-1.6761835209821996e-06,0.0015120610410336865,1,-1,0,1,0.6,-0.0020217385894580886,0.006132005346776603,1
2026-04-25 23:00:00,77557.01,77650.0,77530.0,77625.0,362.30872,46.79622487603478,-52.69331593476818,-73.55766581486415,20.864349880095972,77533.5505,77833.31693169041,77233.78406830959,77533.5505,77533.7014592684,184.59285714285735,0.0008766454508755128,237.10530799999998,1.528049806459837,0.004035543828334154,-0.000858392963262844,0.001510710618042633,1,-1,0,1,0.6,0.0019232206119161877,0.004830789049919515,1
2026-04-26 00:00:00,77625.0,77642.43,77445.94,77502.4,307.91239,40.13891288572498,-49.15628758411913,-68.67739016871515,19.521102584596022,77527.71800000001,77825.00907390959,77230.42692609043,77527.71800000001,77530.72036790951,186.42785714285648,-0.001579388083736033,238.740332,1.2897376300875716,0.0022292768357330406,-0.0019875928364244677,0.0015419259533291133,1,-1,0,1,0.6,0.006205098164701939,0.006451800202316393,1
2026-04-26 01:00:00,77502.39,77572.81,77451.16,77461.16,130.56583,42.003442490164424,-49.11472648222116,-64.76485743141635,15.650130949195187,77525.262,77823.96786210836,77226.55613789165,77525.262,77524.09557096576,182.2071428571414,-0.0005321125539337057,236.54069249999998,0.5519804166464931,-0.00023193342516880655,0.0016927396856032395,0.0015145534966374146,-1,1,0,1,0.0,0.0069438670941668335,0.008265819928335638,1
2026-04-26 02:00:00,77461.16,77590.97,77452.07,77512.67,85.92459,48.301465926191845,-44.413392553600715,-60.69456445585322,16.281171902252503,77525.714,77824.30937530701,77227.118624693,77525.714,77523.00742134998,180.17571428571267,0.0006649784227346078,227.35951500000002,0.3779238797197469,-0.00016987884297670064,0.0014910086621917618,0.0015223973614699722,-1,1,0,1,0.0,0.007609852686018881,0.00413364679606576,1
2026-04-26 03:00:00,77512.67,77541.96,77326.51,77400.21,146.77411,38.675814697975234,-49.195043833969976,-58.39466033147657,9.199616497506597,77520.665,77824.37752704698,77216.95247295301,77520.665,77511.31242884045,184.5814285714275,-0.0014508595820527104,225.963267,0.6495485392322639,-0.0020217385894580886,0.0019993327789988857,0.0015569730214111434,-1,1,0,1,0.0,0.008170262070348322,0.007462253655383888,1
2026-04-26 04:00:00,77400.21,77814.43,77383.46,77774.29,227.07196,53.61412441886192,-22.53958493587561,-51.223645252356384,28.684060316480775,77527.211,77847.2630654798,77207.1589345202,77527.211,77536.35791180802,207.18357142856985,0.00483306182244192,231.49182299999998,0.980907044824646,0.0019232206119161877,0.0059665256813212775,0.0018635916858847719,1,1,0,1,0.6,0.0029019872762581223,0.00413208529451059,1
2026-04-26 05:00:00,77774.29,78200.0,77719.77,77983.31,797.06637,71.64352235442323,15.27514308897662,-37.92388758408978,53.1990306730664,77540.649,77912.2393494115,77169.05865058851,77540.649,77578.92477735011,211.2849999999983,0.0026875205160985516,264.1123285,3.017906716156948,0.006205098164701939,0.008448207882036929,0.0019454111645606353,1,1,-1,1,0.19999999999999996,0.0002451806675043411,0.0008423597305629027,1
2026-04-26 06:00:00,77983.31,78045.0,77899.45,77999.04,206.01822,70.6457522797918,45.98280586524925,-21.142548894221974,67.12535475947122,77551.2125,77962.29550135892,77140.12949864106,77551.2125,77618.93575093582,199.24714285714123,0.00020170982739764476,259.09091750000005,0.7951580162975029,0.0069438670941668335,0.006710323154119013,0.001937059318947929,1,1,-1,1,0.19999999999999996,0.0013128366708103911,-0.0010206535875313394,1
2026-04-26 07:00:00,77999.04,78121.45,77968.36,78102.53,175.6113,80.39535675767767,77.77310797355312,-1.3594175206669494,79.13252549422008,77572.224,78049.1960839309,77095.2519160691,77572.224,77664.9923460848,196.17714285714152,0.0013268112017790212,258.59180699999996,0.6791062023090315,0.007609852686018881,0.007438681090072619,0.0019210298138331527,1,1,-1,1,0.19999999999999996,-0.003449952261469602,-0.0010749971863907026,1
2026-04-26 08:00:00,78102.53,78210.0,78019.65,78032.59,265.96473,75.47996912334402,96.21447734076355,18.155361451619157,78.0591158891444,77595.9965,78115.31648934018,77076.6765106598,77595.9965,77700.00164645768,197.43642857142757,-0.0008954895571244847,263.79901,1.008209735131303,0.008170262070348322,0.006132005346776603,0.0018905370544398813,1,1,-1,1,0.19999999999999996,-0.0007022706794687084,0.003221346363103006,1
2026-04-26 09:00:00,78032.59,78058.45,77926.59,77999.99,168.80014,73.46427020439118,106.96581257331127,35.91745167595759,71.04836089735369,77611.4115,78160.16012453428,77062.66287546573,77611.4115,77728.57196584265,196.13928571428445,-0.00041777416333343975,264.156119,0.6390165809484807,0.0029019872762581223,0.004830789049919515,0.0018661066291365892,1,1,-1,1,0.19999999999999996,0.0012265386187870764,0.0028355131840400727,1
2026-04-26 10:00:00,78000.0,78050.19,77954.0,78002.43,153.3474,70.42576777155021,114.36488362360978,51.60693806548804,62.75794555812175,77628.6955,78204.56265501135,77052.82834498865,77628.6955,77754.65368338145,190.82071428571362,3.128205529234762e-05,261.685506,0.5859988286856056,0.0002451806675043411,0.006451800202316393,0.0018603872458499923,1,1,-1,1,0.19999999999999996,0.0005970326821871375,0.002458769553717932,1
2026-04-26 11:00:00,78002.43,78149.99,78002.42,78101.44,133.58626,71.58586343453808,126.7568067129032,66.63691179497108,60.119894917932115,77667.25450000001,78261.94979412328,77072.55920587674,77667.25450000001,77787.68095163084,193.1614285714282,0.0012693194301769406,244.34689949999998,0.5467074076788112,0.0013128366708103911,0.008265819928335638,0.001551699984896187,1,1,-1,1,0.19999999999999996,-0.002330430783350601,0.0040456360343676945,1
2026-04-26 12:00:00,78101.43,78101.5,77770.0,77833.08,296.93614,58.78940699281144,113.61342102260096,76.03221364049706,37.5812073821039,77689.04500000001,78273.94387375217,77104.14612624786,77689.04500000001,77792.00467052314,207.1285714285706,-0.0034360442009776504,235.61352449999998,1.2602678077590577,-0.003449952261469602,0.00413364679606576,0.0017793846521976977,-1,1,0,1,0.0,0.002383176921689323,0.006172696750533335,1
2026-04-26 13:00:00,77833.08,77996.69,77797.13,77977.79,254.46962,60.70884354567483,113.56497444446723,83.5387658012911,30.02620864317612,77725.646,78284.79856835832,77166.49343164166,77725.646,77809.6985114257,212.81142857142757,0.0018592351735275958,240.78216000000003,1.0568458227968383,-0.0007022706794687084,0.007462253655383888,0.0017305308773694242,-1,1,0,1,0.0,0.003926374420203604,0.00871735400554452,1
2026-04-26 14:00:00,77977.79,78173.15,77871.85,78095.66,401.66239,68.06010496450516,121.63556502349093,91.15812564573108,30.47743937775985,77764.77900000001,78311.75169823771,77217.8063017623,77764.77900000001,77836.93293890897,220.29785714285597,0.0015115842600823548,244.30862749999997,1.6440777966385982,0.0012265386187870764,0.00413208529451059,0.0017441641286630206,1,1,0,1,0.6,0.0016070035133834981,0.015531464872695855,0
2026-04-26 15:00:00,78095.65,78121.92,77988.89,78049.0,177.4742,67.83625021239428,122.85035177314421,97.49657087121372,25.35378090193049,77800.7285,78321.25678274591,77280.20021725408,77800.7285,77857.12980187002,221.11071428571344,-0.0005974723819480721,238.490274,0.7441569713656331,0.0005970326821871375,0.0008423597305629027,0.0017606994059490156,1,1,0,1,0.6,0.0018606260169893307,0.015819036758959237,0
2026-04-26 16:00:00,78049.0,78086.47,77919.42,77919.43,198.96678,61.78372365203882,112.06603538870695,100.41046377471238,11.655571613994567,77822.7435,78322.84502417858,77322.64197582142,77822.7435,77863.06315407286,223.12142857142837,-0.0016601109559379879,244.15688949999998,0.8149136418286489,-0.002330430783350601,-0.0010206535875313394,0.0017863089062938556,-1,-1,0,1,0.0,0.006390960508823262,0.015536304616191376,0
2026-04-26 17:00:00,77919.43,78050.0,77850.0,78018.57,373.25532,68.05304153869501,110.24828283238458,102.37802758624683,7.870255246137745,77847.38,78334.26904516912,77360.4909548309,77847.38,77877.87332987544,222.01785714285612,0.0012723399028973237,255.29208,1.4620716788393906,0.002383176921689323,-0.0010749971863907026,0.0017988099012810354,1,-1,0,1,0.6,0.0037805102041732486,0.013931555013120489,0
2026-04-26 18:00:00,78018.57,78346.89,77988.11,78283.96,421.27794,65.88816220159252,128.73843928732094,107.65010992646165,21.08832936085929,77883.72750000001,78387.58713382186,77379.86786617816,77883.72750000001,77916.54825083968,216.8614285714284,0.00340162604877281,264.2497205,1.5942417619321567,0.003926374420203604,0.003221346363103006,0.0019266585375377141,1,1,0,1,0.6,0.004772241976517266,0.008178686923860257,1
2026-04-26 19:00:00,78283.97,78500.0,78013.76,78221.16,511.56,58.158344252286206,136.74823777153506,113.46973549547633,23.27850227605873,77913.5355,78423.44869299339,77403.6223070066,77913.5355,77945.55889361686,217.29071428571478,-0.0008022077575023934,271.7122845,1.8827268003040916,0.0016070035133834981,0.0028355131840400727,0.0019444240204987064,1,1,0,1,0.6,0.013902120602660384,-0.005569081307411072,0
2026-04-26 20:00:00,78221.17,78377.77,78158.04,78194.22,172.13709,56.64365656400634,139.3162766093592,118.63904371825292,20.67723289110627,77948.12649999998,78433.89774774743,77462.35525225254,77948.12649999998,77969.24090374858,222.58928571428675,-0.0003444080859962284,264.9235195,0.6497614493604823,0.0018606260169893307,0.002458769553717932,0.001897829068658765,1,1,0,1,0.6,0.013932487593072862,-0.006318881370004137,0
2026-04-26 21:00:00,78194.21,78961.0,77843.75,78417.41,977.34524,59.91048834837783,157.54495345824398,126.42022566625114,31.12472779199284,77995.939,78467.9436894349,77523.93431056509,77995.939,78011.92367482014,291.4578571428584,0.0028543030418362036,307.26248999999996,3.180815334797294,0.006390960508823262,0.0040456360343676945,0.0019561262041435895,1,1,0,1,0.6,0.009087267738120852,-0.010339668193581009,2
2026-04-26 22:00:00,78417.41,78850.3,77953.26,78313.52,710.63176,58.6569454630618,161.74377488164464,133.48493550932986,28.25883937231478,78035.98150000001,78469.68907953773,77602.27392046229,78035.98150000001,78040.64713436108,341.93571428571573,-0.0013248333501451048,338.4978485,2.0993686168141186,0.0037805102041732486,0.006172696750533335,0.0020035038290168094,1,1,0,1,0.6,0.010112813215393812,-0.006501814756890045,0
2026-04-26 23:00:00,78313.52,78901.63,78041.05,78657.55,669.20184,66.99999999999969,190.63420448820398,144.91478930510468,45.7194151830993,78098.8485,78508.3623485685,77689.33465143149,78098.8485,78099.39978823146,393.9871428571444,0.00439298348484396,364.619235,1.8353443147342459,0.004772241976517266,0.00871735400554452,0.002124068851131591,1,1,0,1,0.6,0.0033902657786823998,-0.009630861881663066,1
2026-04-27 00:00:00,78657.55,79392.4,78400.03,79308.6,1271.22649,75.2877902586916,263.0322994279559,168.53829132967493,94.49400809828094,78175.564,78830.430426851,77520.697573149,78175.564,78214.56171316179,458.000000000001,0.008277018544310177,416.82696150000004,3.049770306184956,0.013902120602660384,0.015531464872695855,0.0025619954311683585,1,1,-1,1,0.19999999999999996,-0.019204222492894996,-0.01839132200038851,2
2026-04-27 01:00:00,79309.0,79485.66,78730.71,79283.66,993.09217,73.56390569813485,314.76741883170325,197.78411683008062,116.98330200162263,78240.5815,79054.07394675472,77427.08905324528,78240.5815,78316.38059762257,501.384285714286,-0.00031446778785659824,426.6282515,2.3277693554244148,0.013932487593072862,0.015819036758959237,0.0025445942126030396,1,1,-1,1,0.19999999999999996,-0.019973094077644804,-0.01815506499069297,2
2026-04-27 02:00:00,79283.65,79304.0,79030.91,79130.01,381.22923,77.08901634618934,339.45655889069894,226.11860524220432,113.33795364849462,78297.13,79192.99105804153,77401.26894195848,78297.13,78393.86911213471,497.21214285714296,-0.001937978140767127,435.38880199999994,0.8756064194779176,0.009087267738120852,0.015536304616191376,0.0026163799024984755,1,1,-1,1,0.19999999999999996,-0.01925198796259453,-0.018484137686826996,2
2026-04-27 03:00:00,79130.01,79316.5,79077.81,79105.49,397.44839,74.79944054467704,352.97544003218354,251.48997220020019,101.48546783198336,78347.278,79307.26415223205,77387.29184776796,78347.278,78461.64253002664,500.00714285714326,-0.00030986979528990766,446.4806565,0.8901805357383943,0.010112813215393812,0.013931555013120489,0.00262209903415728,1,1,-1,1,0.19999999999999996,-0.01644828949292909,-0.017176431117486235,2
2026-04-27 04:00:00,79105.5,79160.0,78872.42,78924.22,417.67922,67.72669701845035,345.08435898882453,270.2088495579251,74.87550943089946,78391.8595,79372.89622772513,77410.82277227489,78391.8595,78505.69752716697,499.0271428571442,-0.0022914970882552677,454.066381,0.9198637852909001,0.0033902657786823998,0.008178686923860257,0.002683038557458258,1,1,0,1,0.6,-0.012977131734719816,-0.014051073295371141,2
2026-04-27 05:00:00,78924.21,78938.0,77562.63,77785.54,1805.78745,46.158422424804414,244.13443100341829,264.99396584702373,-20.859534843605445,78381.13700000002,79384.63815845703,77377.635841543,78381.13700000002,78437.11109600822,587.7657142857154,-0.014427510338398064,535.9157465000001,3.369536091808043,-0.019204222492894996,-0.005569081307411072,0.004297842034809272,-1,-1,0,-1,-0.6,0.000828817284035166,-0.01275879810052094,2
2026-04-27 06:00:00,77785.55,77871.9,77465.05,77700.12,641.73182,46.76047516772979,155.44631727121305,243.0844361318616,-87.63811886064855,78366.0215,79402.1189173871,77329.92408261291,78366.0215,78366.92146781695,604.894285714286,-0.0010981475477318536,560.3349675,1.1452646313742683,-0.019973094077644804,-0.006318881370004137,0.004303044362044672,-1,-1,0,-1,-0.6,0.0018550807900941102,-0.013919283522342063,2
2026-04-27 07:00:00,77700.12,77734.79,77562.08,77606.6,743.19766,43.90448881273877,76.72957497651805,209.81346390079287,-133.08388892427482,78341.2795,79426.45124388905,77256.10775611096,78341.2795,78294.50989945343,602.9449999999997,-0.0012036017447590863,590.8155374999999,1.2579182719953437,-0.01925198796259453,-0.010339668193581009,0.004294567220637986,-1,-1,0,-1,-0.6,0.0007829231019009786,-0.011124827012135574,2
2026-04-27 08:00:00,77606.59,77816.18,77553.23,77804.34,465.54163,42.75857279172842,29.956633577807224,173.84209783619576,-143.88546425838854,78339.8425,79427.92000650035,77251.76499349964,78339.8425,78247.82705188643,596.0999999999996,0.0025479791667202267,599.245812,0.7768792383316648,-0.01644828949292909,-0.006501814756890045,0.004273638774451196,-1,-1,0,-1,-0.6,-0.0007403185991936567,-0.012470769625447575,2
2026-04-27 09:00:00,77804.34,77980.0,77700.0,77900.01,578.50773,45.19884826177811,0.6015754041436594,139.19399334978536,-138.5924179456417,78335.9535,79430.01914458131,77241.8878554187,78335.9535,78214.70161837344,581.3685714285706,0.0012296229233483835,615.4477175,0.9399786749554402,-0.012977131734719816,-0.009630861881663066,0.004261448332832186,-1,-1,0,-1,-0.6,-0.0010880614777840636,-0.01311861192315622,2
2026-04-27 10:00:00,77900.01,77935.66,77792.46,77850.01,311.10764,44.88934157270662,-26.39286134620488,106.0766224105873,-132.4694837567922,78323.671,79434.48257505173,77212.85942494827,78323.671,78179.96908329026,575.9021428571411,-0.0006418484413545089,610.91998,0.5092445004008544,0.000828817284035166,-0.01839132200038851,0.004247330632227128,1,-1,0,-1,0.0,-0.013576363060197383,-0.011426845031876076,2
2026-04-27 11:00:00,77850.01,77885.46,77740.39,77844.26,252.77882,40.902756394180386,-47.700264938684995,75.32124494073285,-123.02150987941785,78313.434,79438.58484488842,77188.28315511157,78313.434,78147.99678964356,506.46071428571304,-7.385997766728991e-05,614.685211,0.41123296197214027,0.0018550807900941102,-0.01815506499069297,0.004246033703537978,1,-1,0,-1,0.0,-0.015745155776418218,-0.013584174350170453,2
2026-04-27 12:00:00,77844.25,77867.33,77620.0,77667.36,415.46743,39.976234355318006,-77.9621878110047,44.66455839038534,-122.62674620139003,78300.83050000001,79449.95616396714,77151.70483603288,78300.83050000001,78102.22185729655,460.05285714285543,-0.0022724861152253473,625.5102435,0.6642056374253446,0.0007829231019009786,-0.018484137686826996,0.004259888873606495,1,-1,0,-1,0.0,-0.011898434554747261,-0.0077373558210296345,2
2026-04-27 13:00:00,77667.36,77966.8,77571.79,77746.74,762.7167,34.60684335590115,-94.45090586980223,16.84146553834782,-111.29237140815005,78287.239,79456.67226129214,77117.80573870786,78287.239,78068.36644231592,426.797857142856,0.0010220509619485174,644.9833125,1.1825371063379255,-0.0007403185991936567,-0.017176431117486235,0.004255845877431474,-1,-1,0,-1,-0.6,-0.01173914173121604,-0.004828755520810191,2
2026-04-27 14:00:00,77746.74,78265.34,77680.0,77815.25,744.42829,18.573623182305667,-100.8278683846147,-6.692401246244693,-94.13546713837,78263.80350000001,79452.1464981549,77075.46050184511,78263.80350000001,78044.2601144763,397.72428571428463,0.0008811945041038438,661.14083,1.125975368969422,-0.0010880614777840636,-0.014051073295371141,0.004181311890099808,-1,-1,1,-1,-0.19999999999999996,-0.01204365468208346,-0.00559825998117347,2
2026-04-27 15:00:00,77815.26,77827.17,76564.33,76793.09,1882.17067,13.082649258708884,-186.21485760976793,-42.59689251894935,-143.6179650908186,78192.4,79550.95698760805,76833.84301239194,78192.4,77925.10105595474,434.00214285714173,-0.013135728536501579,729.6713635,2.5794772333832996,-0.013576363060197383,-0.01275879810052094,0.005074613194255927,-1,-1,1,-1,-0.19999999999999996,0.0021791023124606568,0.0037970864305629792,1
2026-04-27 16:00:00,76793.1,76868.01,76546.0,76618.59,809.46498,13.002280481552589,-264.91161717240175,-87.05983744963986,-177.85177972276188,78113.6185,79643.64844670414,76583.58855329585,78113.6185,77800.6714315781,437.4964285714273,-0.0022723398680792872,761.5377579999999,1.0629347941011744,-0.015745155776418218,-0.013919283522342063,0.005081639223484487,-1,-1,1,-1,-0.19999999999999996,0.0021955507142588093,0.0035544898437833705,1
2026-04-27 17:00:00,76618.59,76990.43,76618.59,76743.24,874.80558,16.197072249330972,-313.60609697589825,-132.36908935489154,-181.2370076210067,78029.91,79669.24336759026,76390.57663240975,78029.91,77699.96367618971,447.0071428571412,0.0016268897665698834,756.4107750000001,1.156521838282909,-0.011898434554747261,-0.011124827012135574,0.005039817791857197,-1,-1,1,-1,-0.19999999999999996,0.00421118524576225,0.0009374115557276852,1
2026-04-27 18:00:00,76743.23,76890.99,76668.52,76834.06,361.97331,19.2957663718892,-340.9382837509911,-174.08292823411148,-166.85535551687963,77955.937,79673.0581203193,76238.81587968071,77955.937,77617.49665940975,442.3564285714269,0.001183426709635782,738.9778524999999,0.48982971380728907,-0.01173914173121604,-0.012470769625447575,0.00506419565066224,-1,-1,1,-1,-0.19999999999999996,0.006992471828249247,0.000703073610843985,1
2026-04-27 19:00:00,76834.05,76894.7,76459.64,76878.07,598.68003,30.349540716231644,-354.9562844009779,-210.2575994674848,-144.6986849334931,77866.963,79615.14144977187,76118.78455022814,77866.963,77547.07507279931,375.191428571427,0.0005727928473389099,735.451762,0.8140303156959463,-0.01204365468208346,-0.01311861192315622,0.004922486907163726,-1,-1,0,-1,-0.6,0.006523967107914919,0.00010289020002707261,1
2026-04-27 20:00:00,76878.23,77067.8,76844.16,76960.43,310.80766,33.961413201385724,-355.3239340908476,-239.2708663921574,-116.05306769869023,77749.5545,79402.90180398339,76096.2071960166,77749.5545,77491.2041134851,362.10499999999905,0.0010713068109018398,687.4308205,0.4521293644849024,0.0021791023124606568,-0.011426845031876076,0.004437381092825655,1,-1,0,-1,0.0,0.0016144660314398873,-0.0031240729814008272,1
2026-04-27 21:00:00,76960.43,76981.53,76786.8,76786.81,223.94467,32.82133382507605,-365.41273160751734,-264.4992394352294,-100.91349217228793,77624.712,79163.41148518218,76086.01251481782,77624.712,77424.11895981987,363.67785714285645,-0.0022559645261857053,648.9734455,0.3450752439145832,0.0021955507142588093,-0.013584174350170453,0.0044314929585163015,1,-1,0,-1,0.0,0.0013559620460856792,0.0012042432808447856,1
2026-04-27 22:00:00,76786.81,77082.78,76763.71,77066.42,364.86359,35.04987965671771,-346.8477412675129,-280.96893980168613,-65.87880146582677,77521.5325,78904.04959467918,76139.01540532082,77521.5325,77390.05239221799,367.6864285714276,0.003641380596485222,648.1551635,0.5629263030626154,0.00421118524576225,-0.0077373558210296345,0.004581462689086145,1,-1,0,-1,0.0,-0.0032600450364763667,-0.0026967646868766293,1
2026-04-27 23:00:00,77066.42,77450.0,77018.56,77371.32,438.27302,40.12595389908022,-304.0273329809861,-285.58061843754615,-18.446714543439953,77434.824,78599.40699381426,76270.24100618572,77434.824,77388.26835486389,378.5035714285706,0.003956327541879023,650.1963949999999,0.6740625192177512,0.006992471828249247,-0.004828755520810191,0.004727482804119097,1,-1,0,-1,0.0,-0.006245725160175741,-0.009994918013548237,1
2026-04-28 00:00:00,77371.32,77478.0,77210.92,77379.62,327.26244,41.075785343790635,-266.35177283648227,-281.7348493173334,15.383076480851116,77357.594,78287.5246073531,76427.6633926469,77357.594,77387.44470201971,387.3521428571424,0.00010727489203987695,645.6755559999999,0.5068527636812072,0.006523967107914919,-0.00559825998117347,0.004726011626243609,1,-1,0,1,0.6,-0.0063794575367519535,-0.0098381201665243,1
2026-04-28 01:00:00,77379.62,77394.1,77038.1,77084.68,404.77602,37.01421703719399,-257.3265132037486,-276.85318209461644,19.526668890867825,77322.55099999999,78237.27799111902,76407.82400888097,77322.55099999999,77358.60996849403,402.41857142857043,-0.0038115979375448195,575.6249845,0.7031939733324762,0.0016144660314398873,0.0037970864305629792,0.003597174958847403,1,1,0,1,0.6,-0.0047309011336622575,-0.011100519584436142,2
2026-04-28 02:00:00,77084.69,77227.03,76672.56,76890.93,437.7548,36.80218663203577,-262.77878542081453,-274.0383027598561,11.259517339041565,77282.09150000001,78198.08332821148,76366.09967178854,77282.09150000001,77314.06901911365,424.3571428571418,-0.002513469602520191,565.4261335,0.7742033380917297,0.0013559620460856792,0.0035544898437833705,0.003624492045965594,1,1,0,1,0.6,-0.00015151331893104025,-0.0067482601654056396,1
2026-04-28 03:00:00,76890.92,76890.92,76672.0,76815.18,278.47081,34.145710512341964,-270.0986136772408,-273.25036494333307,3.151751266092276,77242.5205,78167.81740152361,76317.22359847638,77242.5205,77266.55577919805,411.7799999999978,-0.000985161708929816,542.189791,0.5136039346782905,-0.0032600450364763667,0.0009374115557276852,0.003622642907432591,-1,1,0,1,0.0,0.000565122674971219,-0.008140838828991859,1
2026-04-28 04:00:00,76815.18,76950.0,76701.35,76888.08,274.86374,34.243968092663195,-266.94009036045463,-271.9883100267574,5.048219666302771,77196.7075,78095.22540117004,76298.18959882997,77196.7075,77230.51046689348,387.73071428571194,0.0009490311680582231,532.6558964999999,0.5160249643458139,-0.006245725160175741,0.000703073610843985,0.0035689408196447592,-1,1,0,1,0.0,-0.003772756453276016,-0.012200720839953272,2
2026-04-28 05:00:00,76888.08,77154.0,76811.01,76885.98,510.80129,52.41622923613963,-261.59093288592703,-269.90883459859134,8.317901712664309,77146.00600000001,77990.22383415369,76301.78816584633,77146.00600000001,77197.69804147506,322.0271428571411,-2.7312426061465445e-05,529.2705745000001,0.9651042672881486,-0.0063794575367519535,0.00010289020002707261,0.003546280024551975,-1,1,0,1,0.0,-0.0034808686837313196,-0.01065994086308053,2
2026-04-28 06:00:00,76885.97,77027.91,76588.0,76720.0,465.05641,52.64959319430011,-267.65947409096407,-269.4589624970659,1.7994884061018297,77089.5055,77885.19866615407,76293.81233384593,77089.5055,77152.202989906,330.4485714285703,-0.0021587810937702123,536.9680129999999,0.8660784231853306,-0.0047309011336622575,-0.0031240729814008272,0.003562306770665237,-1,-1,0,1,0.0,-0.006399895724713223,-0.007754953076121063,1
2026-04-28 07:00:00,76720.01,76922.22,76424.9,76879.28,1631.99051,53.491212942432306,-256.6576818830508,-266.8987063742629,10.241024491212045,77041.25649999999,77757.28902722587,76325.22397277411,77041.25649999999,77126.21032420067,339.4114285714282,0.002076120959332517,605.9285975,2.693370995746739,-0.00015151331893104025,0.0012042432808447856,0.003615031964879902,-1,1,0,1,0.0,-0.006597746492943202,-0.00900086473234396,1
2026-04-28 08:00:00,76879.28,77013.63,76741.12,76858.59,1043.07562,50.653022324684905,-246.76365457617794,-262.87169601464586,16.10804143846792,77000.818,77656.80151504984,76344.83448495016,77000.818,77100.7226742768,342.9857142857145,-0.0002691232280011002,637.3090070000001,1.6366873973899445,0.000565122674971219,-0.0026967646868766293,0.0035944503098582626,1,-1,0,1,0.6,-0.008701044346506981,-0.008020053451409992,1
2026-04-28 09:00:00,76858.59,76863.54,76495.91,76598.0,361.69239,43.315017877857514,-256.9876086283184,-261.69487853738036,4.707269909061949,76943.381,77520.83016363025,76365.93183636974,76943.381,77052.84432434567,338.16928571428537,-0.0033905123682336225,617.2577914999999,0.5859665037537238,-0.003772756453276016,-0.009994918013548237,0.003630249411561281,-1,-1,0,1,0.0,-0.00845988145904586,-0.003486122353064003,1
2026-04-28 10:00:00,76597.99,76692.19,76484.7,76618.35,418.24563,41.58582419961074,-260.4458334996016,-261.4450695298246,0.9992360302230168,76883.536,77308.4785759454,76458.59342405459,76883.536,77011.46391250323,337.01571428571435,0.000265672732969513,600.9486585000001,0.6959756446481857,-0.0034808686837313196,-0.0098381201665243,0.0036183922278370797,-1,-1,0,1,0.0,-0.007204148875563088,-0.002015183046881197,1
2026-04-28 11:00:00,76618.35,76649.86,76130.1,76229.0,1019.71842,37.59589769133969,-291.2464845127397,-267.4053525264076,-23.841131986332073,76855.3315,77370.7901993549,76339.8728006451,76855.3315,76936.94353988387,360.23214285714283,-0.005081680824502333,557.826046,1.8280222433356939,-0.006399895724713223,-0.011100519584436142,0.0024189395181517274,-1,-1,0,-1,-0.6,-0.001363785435989029,0.0016811187343399592,1
2026-04-28 12:00:00,76228.99,76421.94,76168.84,76372.05,652.01316,33.560771427083566,-300.647604428872,-274.0538029069005,-26.5938015219715,76843.00450000001,77392.94024894724,76293.06875105278,76843.00450000001,76883.14415513302,355.52000000000095,0.0018765824030224643,549.9534550000001,1.1855788050281453,-0.006597746492943202,-0.0067482601654056396,0.002424726678859889,-1,-1,0,-1,-0.6,-0.0024190787074590547,-0.001700622151690423,1
2026-04-28 13:00:00,76372.04,76411.72,75924.98,76189.84,1288.525,20.303231384850534,-319.12224134973076,-283.06749059546655,-36.054750754264205,76815.3345,77437.36811534796,76193.30088465204,76815.3345,76817.1151879775,359.47000000000116,-0.0023858204670427208,570.639426,2.2580371094092615,-0.008701044346506981,-0.008140838828991859,0.0024352263777341026,-1,-1,1,-1,-0.19999999999999996,0.0006869682361847484,0.002007223010312309,1
2026-04-28 14:00:00,76189.85,76199.99,75666.6,75949.99,1264.2758,17.812580207944578,-349.09328461992845,-296.27264940035894,-52.82063521956951,76771.131,77503.43653151192,76038.82546848807,76771.131,76734.53183674155,378.49214285714385,-0.0031480575362803354,615.7545505,2.0532138966303908,-0.00845988145904586,-0.012200720839953272,0.0024829747653223903,-1,-1,1,-1,-0.19999999999999996,0.005016195525503031,0.007399737643151605,1
2026-04-28 15:00:00,75950.0,76085.42,75836.88,76066.38,571.95819,25.069041836415437,-359.3119278131635,-308.88050508291985,-50.43142273024364,76730.5465,77525.21095736146,75935.88204263854,76730.5465,76670.89832848046,370.8164285714291,0.0015324557646418935,614.4184585,0.930893566245292,-0.007204148875563088,-0.01065994086308053,0.002515395318854927,-1,-1,1,-1,-0.19999999999999996,0.005226619171307956,0.006633942616961708,1
2026-04-28 16:00:00,76066.37,76218.06,75881.28,76125.04,447.54534,29.920562095273155,-358.5438342715206,-318.81317092064,-39.730663350880604,76688.777,77519.56394138497,75857.99005861503,76688.777,76618.91182100613,355.26714285714326,0.0007711685504159238,621.2553425,0.7203887184278017,-0.001363785435989029,-0.007754953076121063,0.002506232980987982,-1,-1,1,-1,-0.19999999999999996,0.003049062437274319,0.005336614601450407,1
2026-04-28 17:00:00,76125.04,76262.63,75959.05,76187.3,337.12149,33.421522342976445,-348.8894722742698,-324.828431191366,-24.061041082903785,76658.80149999999,77517.48851176428,75800.11448823569,76658.80149999999,76577.80593329127,361.3135714285724,0.0008178649232895019,626.9141835,0.5377474283926453,-0.0024190787074590547,-0.00900086473234396,0.002489827017636547,-1,-1,0,-1,-0.6,0.0007201987732863291,0.010598616829839091,0
2026-04-28 18:00:00,76187.3,76280.91,76137.86,76242.18,337.48355,32.78187711927639,-332.9716733046225,-326.45707961401735,-6.514593690605182,76617.5895,77473.01590997106,75762.16309002895,76617.5895,76545.8415586921,353.7707142857159,0.0007203300287579317,625.5451814999999,0.5395030766454717,0.0006869682361847484,-0.008020053451409992,0.0023209145380733414,1,-1,0,-1,0.0,0.0013193484236679875,0.013477841268442203,0
2026-04-28 19:00:00,76242.17,76380.83,76066.35,76330.97,259.65416,35.858392828933106,-309.62295133918815,-323.09025395905155,13.467302619863403,76565.572,77351.73627822373,75779.40772177627,76565.572,76525.37760072142,351.73428571428667,0.0011645784525049496,616.6142385,0.42109660106397295,0.005016195525503031,-0.003486122353064003,0.0021110418787181513,1,-1,0,1,0.6,0.0023716454802027442,0.012542877419218001,0
2026-04-28 20:00:00,76330.97,76480.0,76323.71,76463.95,259.71578,43.364276717824254,-277.19323525413347,-313.91085021806794,36.717614963934466,76519.7885,77206.7326256405,75832.84437435948,76519.7885,76519.52735303367,331.47571428571456,0.001742150008050336,613.2369055,0.42351622622621166,0.005226619171307956,-0.002015183046881197,0.0021736328359354784,1,-1,0,1,0.6,0.0014000061466874492,0.007416697672563366,1
2026-04-28 21:00:00,76463.95,76481.3,76267.61,76357.15,281.17357,36.09025761248893,-257.1460988883191,-302.5578999521182,45.41180106379909,76483.412,77119.58013082002,75847.24386917998,76483.412,76504.06284322095,311.2164285714285,-0.0013967366320992713,607.056783,0.4631750733604767,0.003049062437274319,0.0016811187343399592,0.002048913510169667,1,1,0,1,0.6,0.0022805984770253307,0.009121477163566372,1
2026-04-28 22:00:00,76357.15,76446.26,76218.0,76242.17,157.60986,34.36387065353048,-247.6814068764652,-291.5826013369876,43.90119446052239,76450.974,77065.44069834783,75836.50730165218,76450.974,76479.1206676761,308.0557142857132,-0.0015058183811207382,593.049536,0.26576171201995513,0.0007201987732863291,-0.001700622151690423,0.002008054436182876,1,-1,0,1,0.6,0.00987130875209874,0.010547312596165703,0
2026-04-28 23:00:00,76242.17,76370.0,76197.02,76342.77,179.93985,42.95392430223905,-229.41839852671546,-279.14976077493316,49.73136224821769,76427.3535,77018.75821863684,75835.94878136316,76427.3535,76466.1348898022,294.15214285714217,0.0013194797577247286,588.122988,0.3059561582721198,0.0013193484236679875,0.002007223010312309,0.0020398890575579597,1,1,0,1,0.6,0.012142472692567852,0.017018376461844342,0
2026-04-29 00:00:00,76342.78,76557.97,76276.0,76512.0,636.88517,47.28703132094902,-198.99549000737898,-263.1189066214223,64.12341661404332,76408.5495,76960.89991026379,75856.1990897362,76408.5495,76470.50299553532,299.4721428571419,0.002216712859645975,606.2240595000001,1.0505771917486886,0.0023716454802027442,0.007399737643151605,0.0020997680569253005,1,1,0,1,0.6,0.010147166457549206,0.014476291300711042,0
2026-04-29 01:00:00,76511.99,76668.02,76187.75,76571.0,371.48818,60.492857493495706,-168.185570341142,-244.13223936536625,75.94666902422424,76392.8005,76904.2837501787,75881.3172498213,76392.8005,76480.07413881767,296.65142857142826,0.0007711208699288097,599.2584039999999,0.6199131752184823,0.0014000061466874492,0.006633942616961708,0.0021116418555384613,1,1,0,1,0.6,0.006008279897088853,0.013308302098705704,0
2026-04-29 02:00:00,76571.0,76666.82,76402.72,76531.29,315.29662,55.2164000157236,-145.29784900331288,-224.36536129295558,79.0675122896427,76383.36499999999,76876.0506695957,75890.67933040428,76383.36499999999,76484.95183988266,297.43714285714253,-0.0005186036489011059,591.7704145,0.5328022697221204,0.0022805984770253307,0.005336614601450407,0.0020629818505463835,1,1,0,1,0.6,0.0068253128883624115,0.008001825135836693,1
2026-04-29 03:00:00,76531.29,77127.62,76519.94,76994.78,568.25927,72.26518847987974,-88.7364963995642,-197.2395883142773,108.50309191471311,76389.14,76908.2973446448,75869.9826553552,76389.14,76533.50690275099,306.0757142857131,0.006056215699487222,538.5838525,1.0550989736551746,0.00987130875209874,0.010598616829839091,0.002443050572304035,1,1,-1,1,0.19999999999999996,0.0006693960291854761,-0.0027449912838247714,1
2026-04-29 04:00:00,76994.77,77455.71,76880.0,77269.76,655.24397,85.8097951431282,-21.475077733950457,-162.08668619821196,140.6116084642615,76409.6985,77029.86755994266,75789.52944005733,76409.6985,76603.62624534614,309.0985714285707,0.003571410945001574,519.1922699999999,1.2620449260540803,0.012142472692567852,0.013477841268442203,0.002562360573070407,1,1,-1,1,0.19999999999999996,0.0048174085178989134,-0.00905606539997017,1
2026-04-29 05:00:00,77269.76,77329.31,77198.07,77288.38,412.95649,85.01472796249793,32.95270130872086,-123.07880869682539,156.03151000554624,76444.2175,77175.42967241148,75713.00532758851,76444.2175,76668.8408886465,300.71999999999906,0.00024097395928257548,521.755475,0.7914751445588567,0.010147166457549206,0.012542877419218001,0.0024136758322433924,1,1,-1,1,0.19999999999999996,0.004285637763399741,-0.017649871817729923,2
2026-04-29 06:00:00,77288.39,77337.57,76907.07,77031.06,974.38933,73.30729970570658,54.6930672104354,-87.52443351537323,142.21750072580863,76464.85299999999,77238.80171449669,75690.90428550329,76464.85299999999,76703.33794687064,307.41428571428486,-0.003329349120786418,549.5626599999999,1.7730268100820388,0.006008279897088853,0.007416697672563366,0.002557804038027822,1,1,-1,1,0.19999999999999996,0.007256423577710169,-0.015935390217919898,2
2026-04-29 07:00:00,77031.07,77182.91,77031.06,77053.64,931.98531,72.7510031723352,72.90408816236595,-55.438729179825394,128.34281734219135,76506.08499999999,77314.23764939856,75697.93235060142,76506.08499999999,76736.70004716868,296.57642857142804,0.0002931285120573168,545.1760045,1.7095127120548095,0.0068253128883624115,0.009121477163566372,0.002226652989218929,1,1,-1,1,0.19999999999999996,0.0011685366194249536,-0.011286033988790245,2
2026-04-29 08:00:00,77053.65,77148.79,76972.32,77046.32,539.09721,71.65858651152779,85.75723462713358,-27.199536418433592,112.95677104556718,76539.7985,77380.02808263885,75699.56891736116,76539.7985,76766.18766172403,298.9635714285697,-9.499875671015179e-05,539.530207,0.9991974555003924,0.0006693960291854761,0.010547312596165703,0.0022079525049380723,1,1,-1,1,0.19999999999999996,-0.0034121032646337035,-0.019889463896523574,2
2026-04-29 09:00:00,77046.31,77800.0,76972.32,77642.0,835.54071,77.7373915177569,142.36870567928418,6.714112001109973,135.6545936781742,76612.40650000001,77568.31566562755,75656.49733437247,76612.40650000001,76849.59836060746,335.6207142857124,0.007731452975300979,516.8809924999999,1.6165050023579657,0.0048174085178989134,0.017018376461844342,0.0026422622012269425,1,1,-1,1,0.19999999999999996,-0.013806960150434033,-0.0267656680662528,2
2026-04-29 10:00:00,77642.0,77904.93,77559.19,77619.61,790.81622,75.65055267012912,183.31389005712117,42.03406761231222,141.27982244480896,76695.8875,77698.68913385966,75693.08586614033,76695.8875,76922.93280245436,349.152857142855,-0.00028837484866439667,493.2080135,1.603413161088065,0.004285637763399741,0.014476291300711042,0.0024814340105920327,1,1,-1,1,0.19999999999999996,-0.021841903096395332,-0.02503001496657875,2
2026-04-29 11:00:00,77619.62,77694.61,77485.81,77590.03,531.7514,78.33581554415574,210.94474516730406,75.81620312331061,135.12854204399343,76772.06999999999,77804.57216839473,75739.56783160525,76772.06999999999,76986.46586888729,348.80357142856934,-0.00038108926339619487,491.197674,1.0825609080551142,0.007256423577710169,0.013308302098705704,0.0025003256137348887,1,1,-1,1,0.19999999999999996,-0.02302473655442594,-0.02134423713974598,2
2026-04-29 12:00:00,77590.04,77596.39,76850.0,77143.68,1776.35149,67.98093224564667,194.58265449672763,99.56949339799402,95.0131610987336,76823.002,77821.03725467566,75824.96674532433,76823.002,77001.43864327898,385.8128571428554,-0.005752672089442523,557.6379815,3.185492288781624,0.0011685366194249536,0.008001825135836693,0.00292120147800164,1,1,0,1,0.6,-0.012440033972970888,-0.015766683673892556,2
2026-04-29 13:00:00,77143.68,77240.0,76425.62,76783.43,1000.6949,57.96421471172938,150.80799480329733,109.8171936790547,40.99080112424264,76852.80850000001,77805.48159431698,75900.13540568305,76852.80850000001,76980.67591534765,431.62714285714173,-0.004669857595593019,590.816652,1.693748638621648,-0.0034121032646337035,-0.0027449912838247714,0.003154855971627658,-1,-1,0,1,0.0,-0.016533775581528354,-0.01306831434855138,2
2026-04-29 14:00:00,76783.42,76927.69,76489.99,76570.0,1353.72071,51.0317714448358,97.76724439047393,107.40720382133854,-9.639959430864607,76869.1995,77788.32652312783,75950.07247687217,76869.1995,76941.56392340978,442.7507142857129,-0.0027796361793162028,641.62851,2.1098200733006705,-0.013806960150434033,-0.00905606539997017,0.003231959758596683,-1,-1,0,-1,-0.6,-0.013140133211440475,-0.0041956379783204545,2
2026-04-29 15:00:00,76570.0,76634.61,75705.32,75924.25,1132.75734,40.481831962206975,3.5841237605927745,86.64258780918938,-83.0584640485966,76848.8635,77833.77507038467,75863.95192961534,76848.8635,76844.67688308503,474.82357142856927,-0.008433459579469726,685.283669,1.652975827737112,-0.021841903096395332,-0.017649871817729923,0.0037545776778895898,-1,-1,0,-1,-0.6,-0.0032593012114048303,0.004063918971870084,1
2026-04-29 16:00:00,75924.24,76125.47,75696.13,75803.54,1021.10079,39.53916255803595,-79.87620292961947,53.3388296614276,-133.21503259104708,76815.843,77894.87541800809,75736.8105819919,76815.843,76745.5209894579,486.6264285714257,-0.0015898741179531939,723.3529195,1.4116218549388186,-0.02302473655442594,-0.015935390217919898,0.0037349163972472017,-1,-1,0,-1,-0.6,0.0017201043645191927,-0.0013033692094062133,1
2026-04-29 17:00:00,75803.55,76184.01,75803.55,76184.01,549.93434,38.06086416153473,-114.00419446262822,19.87022483661643,-133.87441929924466,76807.186,77904.33943209924,75710.03256790077,76807.186,76692.04375236668,470.39714285714064,0.005019158735858564,736.790958,0.7463912715389214,-0.012440033972970888,-0.011286033988790245,0.0039182734066241015,-1,-1,0,-1,-0.6,-0.0033685546350210593,-0.0033591038329432443,1
2026-04-29 18:00:00,76184.0,76274.8,74937.52,75513.91,1926.88309,26.839113057472005,-192.89872692339122,-22.683565515385116,-170.2151614080061,76770.773,77988.5875615456,75552.9584384544,76770.773,76579.84053785556,524.7949999999972,-0.008795808989314091,825.2546195000001,2.3348952486536185,-0.016533775581528354,-0.019889463896523574,0.004368533296726165,-1,-1,1,-1,-0.19999999999999996,0.0035237216560497497,-0.00022393225301142738,1
2026-04-29 19:00:00,75513.92,75591.83,75302.31,75563.86,464.5754,27.438852083267818,-248.52779108013783,-67.85241062833568,-180.67538045180214,76731.82749999998,78052.72917267344,75410.92582732653,76731.82749999998,76483.08048663121,536.1007142857125,0.0006614675362459632,839.486397,0.553404321571157,-0.013140133211440475,-0.0267656680662528,0.0043568034291849795,-1,-1,1,-1,-0.19999999999999996,0.009063592039898483,0.00047946200736692646,1
2026-04-29 20:00:00,75563.87,75857.32,75497.43,75676.79,575.31173,31.58703354733781,-280.2709291963256,-110.33611434193367,-169.93481485439193,76690.067,78090.63921738946,75289.49478261053,76690.067,76406.29091647586,531.057142857142,0.0014944975018480466,836.407725,0.6878364615773963,-0.0032593012114048303,-0.02503001496657875,0.004336013158984412,-1,-1,0,-1,-0.6,0.007347166812968764,0.0010140493538375317,1
2026-04-29 21:00:00,75676.79,76088.9,75607.7,75933.93,363.06477,35.6889610306615,-281.4343459061929,-144.55576065478553,-136.87858525140737,76658.21349999998,78098.59980415013,75217.82719584984,76658.21349999998,76361.30416252578,554.5821428571414,0.0033978713949152084,835.9865545,0.434294987216807,0.0017201043645191927,-0.02134423713974598,0.004416836785098032,1,-1,0,-1,0.0,-0.003018281814203272,0.00299918626627127,1
2026-04-29 22:00:00,75933.94,76004.14,75818.14,75927.38,272.33397,35.695986991470676,-279.661132833804,-171.57683509058924,-108.08429774321476,76628.01800000001,78104.47592462096,75151.56007537906,76628.01800000001,76319.97805180904,555.2628571428567,-8.625919928006986e-05,833.838422,0.32660280794784485,-0.0033685546350210593,-0.015766683673892556,0.004417326893010483,-1,-1,0,-1,-0.6,9.482745223055034e-06,0.0017225670107410274,1
2026-04-29 23:00:00,75927.38,75990.06,75692.33,75780.0,279.49181,23.115640286689356,-286.841650992661,-194.6297982710036,-92.21185272165741,76567.27900000001,78079.71820496151,75054.83979503851,76567.27900000001,76268.55157068437,517.4092857142854,-0.0019410652652575022,819.4000490000001,0.3410932307620596,0.0035237216560497497,-0.01306831434855138,0.004157737634967399,1,-1,1,-1,0.39999999999999997,-0.0037344945896015114,0.004185669041963713,1
2026-04-30 00:00:00,75780.0,76344.61,75656.03,76248.74,562.71461,32.46668866532117,-251.80619768700853,-206.06507815420463,-45.74111953280391,76516.228,77997.43356187305,75035.02243812695,76516.228,76266.66475442873,541.8978571428577,0.006185537081023984,814.773581,0.690639243984029,0.009063592039898483,-0.0041956379783204545,0.004339086383759906,1,-1,0,-1,0.0,-0.008507025821016923,-0.002886342777598694,1
2026-04-30 01:00:00,76248.76,76473.26,76178.73,76232.8,331.53653,32.580364454050496,-222.75874911207939,-209.4038123457796,-13.354936766299772,76463.449,77903.4605033713,75023.43749662869,76463.449,76263.43953972124,548.0214285714288,-0.00020905263483705916,810.702583,0.40894964066002,0.007347166812968764,0.004063918971870084,0.004335355808024024,1,1,0,-1,0.0,-0.006286926362405687,-0.002274217921944488,1
2026-04-30 02:00:00,76232.81,76351.04,75494.7,75704.74,537.06765,31.91104741791125,-239.58665978284262,-215.44038183319225,-24.14627794965037,76397.133,77849.19202656511,74945.07397343489,76397.133,76210.23005974777,555.875,-0.006926939585060521,788.836499,0.6808351929466184,-0.003018281814203272,-0.0013033692094062133,0.004521762199550134,-1,-1,0,-1,-0.6,0.006035685480195729,0.007974929971359623,1
2026-04-30 03:00:00,75704.74,75994.26,75659.85,75928.1,182.12647,38.86436957591581,-232.2226962367713,-218.7968447139081,-13.425851522863212,76340.856,77772.88854362091,74908.82345637909,76340.856,76183.36053024798,521.5914285714274,0.00295040971014493,751.343557,0.24240105382310478,9.482745223055034e-06,-0.0033591038329432443,0.004595809031660888,1,-1,0,-1,0.0,0.0017130680209302973,0.006484292376603529,1
2026-04-30 04:00:00,75928.09,75963.92,75414.57,75497.0,426.96926,36.779787983775954,-258.19654022504983,-226.67678381613644,-31.519756408913395,76263.38999999998,77702.34434247966,74824.43565752031,76263.38999999998,76117.99286070056,529.5664285714271,-0.005677739861790321,745.7371595000001,0.5725465796639037,-0.0037344945896015114,-0.00022393225301142738,0.004723275402018544,-1,-1,0,-1,-0.6,0.007949852312012506,0.010652608712929057,0
2026-04-30 05:00:00,75497.01,75750.0,75323.65,75600.09,491.70915,45.38958674676855,-267.38030357513344,-234.81748776793583,-32.56281580719761,76161.29449999999,77472.4797520177,74850.10924798228,76161.29449999999,76068.66877872907,493.6421428571422,0.001365484721247201,728.5455815,0.6749188554374618,-0.008507025821016923,0.00047946200736692646,0.0042990209564158525,-1,1,0,-1,-0.6,0.005668908595214628,0.011554351324185141,0
2026-04-30 06:00:00,75600.09,75867.9,75569.99,75753.53,372.15072,49.29528640879313,-259.2882628542575,-239.71164278520018,-19.5766200690573,76067.9905,77194.85921190341,74941.12178809659,76067.9905,76038.65556170726,484.2542857142845,0.002029627213406826,707.6123064999999,0.5259246010583623,-0.006286926362405687,0.0010140493538375317,0.004359203474719581,-1,1,0,-1,-0.6,0.004038095650459983,0.006699357772502523,1
2026-04-30 07:00:00,75753.54,76179.91,75718.5,76161.67,516.75183,49.68763283294933,-217.43531627404445,-235.25637748296904,17.82106120892459,75996.5725,76869.78413896917,75123.36086103081,75996.5725,76050.37122249705,490.03571428571325,0.005387735726638754,706.8623279999999,0.7310501770013694,0.006035685480195729,0.00299918626627127,0.004600884020069936,1,1,0,1,0.6,0.0019276100432146226,0.0011599010368339435,1
2026-04-30 08:00:00,76161.67,76208.92,76019.57,76058.17,350.94571,59.042906703175404,-190.42306107559125,-226.2897142014935,35.866653125902246,75942.29699999999,76630.68034301908,75253.9136569809,75942.29699999999,76051.11396321161,408.0407142857127,-0.001358951294003874,635.592039,0.5521556099918363,0.0017130680209302973,0.0017225670107410274,0.004460672198785114,1,1,0,1,0.6,0.004763064901508907,0.0038369316537592013,1
2026-04-30 09:00:00,76058.17,76339.38,76012.6,76097.19,445.01057,58.89360623534633,-163.97684334372752,-213.82714002994032,49.8502966862128,75907.985,76478.08768306398,75337.88231693603,75907.985,76055.50215719147,410.7021428571409,0.0005130283834071658,607.8078225,0.7321567007308465,0.007949852312012506,0.004185669041963713,0.004367408541844829,1,1,0,1,0.6,0.0026814393540681714,0.004147459321428348,1
2026-04-30 10:00:00,76097.19,76163.52,75974.93,76028.66,365.18719,55.95584277536501,-146.85497083765222,-200.4327061914827,53.57773535383049,75880.91799999999,76363.34109984293,75398.49490015705,75880.91799999999,76052.94576126848,398.46642857142643,-0.0009005588774040341,558.3811465,0.6540106024156387,0.005668908595214628,-0.002886342777598694,0.004334509182323355,1,-1,0,1,0.6,0.005852266763612501,0.006100331111978052,1
2026-04-30 11:00:00,76028.66,76244.36,75876.29,76059.43,550.88667,52.30054039785601,-129.31225054556853,-186.20861506229988,56.89636451673135,75887.677,76376.40303773156,75398.95096226843,75887.677,76053.56330781433,390.3857142857128,0.00040471580059397994,529.2876130000001,1.0408077885623972,0.004038095650459983,-0.002274217921944488,0.0038947861009568886,1,-1,0,1,0.6,0.00265055891163013,0.002397467348887572,1
2026-04-30 12:00:00,76059.42,76511.22,76042.75,76308.48,1520.57994,56.41556570104895,-94.22707367232942,-167.8123067843058,73.58523311197638,75912.924,76434.41988980658,75391.42811019342,75912.924,76077.84108802248,410.5621428571415,0.003274413179273239,554.2615705000001,2.743433824265108,0.0019276100432146226,0.007974929971359623,0.00393562202333479,1,1,0,1,0.6,-0.0007662320098631437,-0.0009359379193505379,1
2026-04-30 13:00:00,76308.48,76669.14,76116.2,76420.44,927.16622,60.91150713871945,-56.73359237653494,-145.59656390275163,88.86297152621668,75924.7455,76481.6335144951,75367.85748550491,75924.7455,76110.46955582986,428.7914285714277,0.0014672025966184776,573.1231645,1.617743405658488,0.004763064901508907,0.006484292376603529,0.003790806874744848,1,1,0,1,0.6,-0.0009217429263689292,-0.00096662620628718,1
2026-04-30 14:00:00,76420.45,76597.51,76093.81,76301.24,683.75312,51.01541103838834,-36.220652986638015,-123.7213817195289,87.50072873289089,75964.112,76509.92054794445,75418.30345205554,75964.112,76128.63816956035,415.58571428571304,-0.0015597921184437036,510.9666660000001,1.3381560197510025,0.0026814393540681714,0.010652608712929057,0.003188313533467971,1,1,0,1,0.6,0.0014620994363918616,0.0020551435337092805,1
2026-04-30 15:00:00,76301.25,76653.6,76163.16,76473.6,374.70038,54.39162818520712,-5.986975083025754,-100.17450039222828,94.18752530920253,76009.599,76566.47999977102,75452.71800022898,76009.599,76161.49167722126,429.5792857142847,0.0022589410080360306,506.472915,0.73982313545829,0.005852266763612501,0.011554351324185141,0.003211872582464144,1,1,0,1,0.6,0.00024662105615536056,0.0027791290066114804,1
2026-04-30 16:00:00,76473.6,76484.6,76228.27,76261.03,165.45041,61.464743682221005,0.8114560389803955,-79.97730910598655,80.78876514496694,76038.811,76583.34209252543,75494.27990747457,76038.811,76170.9715174859,386.72142857142796,-0.002779652062934179,485.979849,0.3404470583306017,0.00265055891163013,0.006699357772502523,0.0032906920205688635,1,1,0,1,0.6,-0.0002524225020301696,0.004347043306391241,1
2026-04-30 17:00:00,76261.04,76328.71,76111.0,76250.01,273.82279,57.27069452286814,5.24952650735213,-62.931941983318815,68.18146849067094,76054.615,76604.64881543373,75504.58118456628,76054.615,76178.49899201105,378.3857142857149,-0.00014450368687657367,481.5177500000001,0.5686660356757356,-0.0007662320098631437,0.0011599010368339435,0.003214716337725648,-1,1,0,1,0.0,-0.00016983604330012003,0.011555014878031011,0
2026-04-30 18:00:00,76250.0,76468.84,76204.4,76350.0,184.15567,72.65435771044899,16.64323383718147,-47.01690681921876,63.66014065640023,76075.746,76637.54477664751,75513.94722335249,76075.746,76194.83242134334,358.0350000000014,0.001311344090315636,477.108835,0.38598251906192427,-0.0009217429263689292,0.0038369316537592013,0.003223056716342075,-1,1,-1,1,-0.39999999999999997,-4.492468893246837e-05,0.009069286182056269,1
2026-04-30 19:00:00,76350.0,76514.8,76308.33,76412.8,307.53776,72.05634108611278,30.38994774132152,-31.535535907110706,61.92548364843223,76107.386,76670.32991068684,75544.44208931316,76107.386,76215.59123835826,342.3292857142868,0.0008225278323510388,478.5111325,0.6426971894953771,0.0014620994363918616,0.004147459321428348,0.0031816849366366052,1,1,-1,1,0.19999999999999996,0.0005921782737969838,0.009856725574772796,1
2026-04-30 20:00:00,76412.8,76568.9,76318.31,76492.46,287.06721,70.89060653522333,47.168484871450346,-15.794731751398492,62.96321662284884,76119.572,76705.48268683348,75533.66131316652,76119.572,76241.95969184795,338.9492857142873,0.0010424954981365087,464.7287625,0.617709152443518,0.00024662105615536056,0.006100331111978052,0.0028852609691615238,1,1,-1,1,0.19999999999999996,0.002531883534664603,0.006549926620218471,1
2026-04-30 21:00:00,76492.45,76535.42,76240.78,76241.78,183.08169,52.48617412839592,39.77926484665659,-4.679932431787473,44.45919727844406,76120.021,76706.31067418252,75533.73132581747,76120.021,76241.94257833863,327.0371428571442,-0.0032771857513800295,457.3060205,0.4003483046206692,-0.0002524225020301696,0.002397467348887572,0.002985922787628797,-1,1,0,1,0.0,0.004600627110227462,0.01165712552881093,0
2026-04-30 22:00:00,76241.77,76449.16,76206.02,76237.06,158.56535,55.91438376544788,33.16014072642429,2.8880821998548813,30.272058526569406,76146.637,76701.01016031935,75592.26383968066,76146.637,76241.47757087779,330.8792857142876,-6.190831326347013e-05,438.3809055,0.36170678971326686,-0.00016983604330012003,-0.0009359379193505379,0.002501839151092603,-1,-1,0,1,0.0,0.011726842561872175,0.014958735292258218,0
2026-04-30 23:00:00,76237.07,76380.2,76217.96,76346.57,182.87917,57.877711931868404,36.332164384642965,9.576898636812501,26.755265747830464,76167.5605,76718.78392996312,75616.3370700369,76167.5605,76251.48637365134,319.1264285714299,0.0014364404923277174,438.41854049999995,0.41713375030041644,-4.492468893246837e-05,-0.00096662620628718,0.0024412964665285926,-1,-1,0,1,0.0,0.009114620342472346,0.012076246516379063,0
2026-05-01 00:00:00,76346.58,76591.0,76320.42,76458.05,502.88844,63.20574250970281,47.29631779907504,17.120782469265013,30.175535329810028,76215.613,76681.68876560284,75749.53723439715,76215.613,76271.15909997026,324.9828571428578,0.001460183476480914,442.2144995,1.1372047740827187,0.0005921782737969838,0.0020551435337092805,0.0020081725848551052,1,1,0,1,0.6,0.009259064284270924,0.011068684069237777,0
2026-05-01 01:00:00,76458.06,76776.21,76449.5,76686.13,486.84554,67.18794567435319,73.54189306340413,28.405004588092844,45.13688847531129,76269.91500000001,76684.22990217242,75855.6000978276,76269.91500000001,76310.68013806833,322.02857142857204,0.002983073724741825,441.97131900000005,1.101531975200409,0.002531883534664603,0.0027791290066114804,0.0020707582998307486,1,1,0,1,0.6,0.0040078955607747435,0.01014329449145479,0
2026-05-01 02:00:00,76686.12,76744.6,76533.74,76592.54,204.45438,58.51692831700233,85.80071250908077,39.884146172290436,45.91656633679033,76311.8655,76672.45172289255,75951.27927710745,76311.8655,76337.52393444278,303.62785714285775,-0.0012204293005789735,433.58650199999994,0.471542308298149,0.004600627110227462,0.004347043306391241,0.00208963910054955,1,1,0,1,0.6,0.0070241827728914075,0.017018237024127858,0
2026-05-01 03:00:00,76592.54,77453.74,76555.06,77131.08,1056.19913,66.96686085378619,137.3878706217074,59.38489106217384,78.00297955953357,76360.336,76866.9600038465,75853.71199615349,76360.336,76413.10070259108,328.3235714285724,0.007031233067868126,460.558867,2.2932988716076546,0.011726842561872175,0.011555014878031011,0.0023104244809510357,1,1,0,1,0.6,0.0031944321277492804,0.02082390133782641,0
2026-05-01 04:00:00,77131.08,77206.38,76653.6,77042.44,995.75921,67.95855866333218,169.16848885097716,81.34161061993451,87.82687823104264,76409.5495,76979.81160772596,75839.28739227403,76409.5495,76473.03777853478,331.8292857142868,-0.001149212483476214,492.79954200000003,2.02061715795994,0.009114620342472346,0.009069286182056269,0.002301355234158687,1,1,0,1,0.6,0.0029348758943772424,0.017085518059916094,0
2026-05-01 05:00:00,77042.44,77184.96,77033.91,77165.98,283.75111,67.1821800458595,201.99503032576467,105.47229456110057,96.5227357646641,76462.989,77105.71308429772,75820.26491570228,76462.989,76539.03227581718,307.587142857144,0.0016035317676854621,484.736569,0.5853717836584349,0.009259064284270924,0.009856725574772796,0.0023109469651152355,1,1,0,1,0.6,0.0017930181149776736,0.016586454289830854,0
2026-05-01 06:00:00,77165.99,77179.53,76882.0,76993.48,439.15205,68.54538549183393,211.65120919830224,126.70807748854092,84.94313170976132,76511.23000000001,77161.4822295665,75860.97777043351,76511.23000000001,76582.31301145363,310.53000000000094,-0.002235441058352383,488.4348120000001,0.8991006357671326,0.0040078955607747435,0.006549926620218471,0.0023779176357898615,1,1,0,1,0.6,0.006110907053428427,0.01585692710603559,0
2026-05-01 07:00:00,76993.49,77140.36,76957.04,77130.54,633.7325,70.95711613250214,227.73817316739587,146.91409662431192,80.82407654308395,76564.78550000001,77234.5050994965,75895.06590050353,76564.78550000001,76634.5251056009,308.0735714285724,0.0017801507348413903,492.5771035000001,1.2865650788415095,0.0070241827728914075,0.01165712552881093,0.002390810324537425,1,1,-1,1,0.19999999999999996,0.009924343846160033,0.018441463005445247,0
2026-05-01 08:00:00,77130.54,77500.0,77048.0,77377.47,697.73561,72.85572555422544,257.4447327082453,169.0202238410986,88.42450886714667,76618.23500000002,77367.70740818081,75868.76259181922,76618.23500000002,76705.28176221033,321.4707142857151,0.0032014556101902514,451.434887,1.5455952344241395,0.0031944321277492804,0.014958735292258218,0.002386731234076717,1,1,-1,1,0.19999999999999996,0.017573332392490926,0.013523703992906366,0
2026-05-01 09:00:00,77377.48,77391.99,77200.15,77268.55,355.16559,68.653137737864,269.09648468230444,189.0354760093398,80.06100867296465,76660.64050000001,77457.46834762424,75863.81265237578,76660.64050000001,76758.92635628553,320.4257142857158,-0.0014076448868126645,422.83485550000006,0.8399628965781889,0.0029348758943772424,0.012076246516379063,0.002424274929383075,1,1,0,1,0.6,0.014109233316789371,0.014125410661905757,0
2026-05-01 10:00:00,77268.56,77433.72,77146.48,77304.34,330.99244,68.04193815056092,278.0137663180358,206.83113407107902,71.18263224695676,76710.7955,77538.0686726594,75883.52232734059,76710.7955,76810.87051282977,323.04357142857356,0.00046318974537506996,405.1968215,0.8168683030994605,0.0017930181149776736,0.011068684069237777,0.0023730661815167943,1,1,0,1,0.6,0.014766958750310755,0.007448999629257491,0
2026-05-01 11:00:00,77303.8,77600.0,77263.66,77463.98,584.3796,78.30555735685076,294.5668072996632,224.3782687167959,70.1885385828673,76760.31450000001,77644.41878582994,75876.21021417007,76760.31450000001,76873.07141636978,326.0221428571448,0.002065084573518172,415.68078249999996,1.4058374228546398,0.006110907053428427,0.01014329449145479,0.002366561040792925,1,1,-1,1,0.19999999999999996,0.009686824766814262,0.009501319193772506,1
2026-05-01 12:00:00,77463.98,78170.2,77408.73,77896.01,1392.97654,82.07249879168657,338.64275898270716,247.23116676997816,91.411592212729,76842.0635,77828.2473326352,75855.8796673648,76842.0635,76970.49413862028,363.0457142857163,0.005577172771138228,477.057089,2.919936779306512,0.009924343846160033,0.017018237024127858,0.0024655222940801313,1,1,-1,1,0.19999999999999996,0.008433422969931437,0.0033040203214518282,1
2026-05-01 13:00:00,77896.01,78914.12,77896.0,78737.25,2354.33999,86.02613638418534,436.42348740693706,285.06963089736996,151.3538565095671,76966.4255,78227.29733729151,75705.55366270848,76966.4255,77138.75660160884,424.1800000000024,0.010799526188825403,581.082949,4.051641842273366,0.017573332392490926,0.02082390133782641,0.0032672771378157123,1,1,-1,1,0.19999999999999996,-0.003979691950125375,-0.006427961352472922,1
2026-05-01 14:00:00,78737.26,78871.8,78051.86,78358.75,1970.70152,76.50906555090641,477.86510098823055,323.6287249155421,154.23637607268847,77066.863,78436.33257007597,75697.39342992402,77066.863,77254.94644907466,463.4200000000024,-0.004807127503183017,670.4102415,2.9395456662336805,0.014109233316789371,0.017085518059916094,0.003569321763147822,1,1,-1,1,0.19999999999999996,1.5952270805641433e-05,-0.00021695088295814458,1
2026-05-01 15:00:00,78358.74,78735.92,78176.06,78445.89,1013.17746,75.54775468487756,511.83918455205276,361.2708168428442,150.56836770920853,77168.5175,78632.15515305438,75704.87984694562,77168.5175,77368.36964440088,480.0735714285734,0.0011120647024103203,705.6922265000001,1.4357214405280116,0.014766958750310755,0.016586454289830854,0.00356784725116629,1,1,-1,1,0.19999999999999996,-0.007211467675362071,-0.00115863303992092,1
2026-05-01 16:00:00,78445.88,78683.23,78167.53,78214.36,704.68666,72.63847012841998,514.1545014803996,391.8475537703554,122.30694771004426,77254.6125,78752.96969958345,75756.25530041655,77254.6125,77448.94015445795,501.8478571428589,-0.0029514611919120304,726.573199,0.969877035059753,0.009686824766814262,0.01585692710603559,0.00369374005905908,1,1,-1,1,0.19999999999999996,-0.00018372585289960774,0.0017844549261796239,1
2026-05-01 17:00:00,78214.36,78584.61,78131.02,78552.94,489.31938,71.02074487587379,537.118416435871,420.9017263034586,116.21669013241245,77370.1705,78895.86996066163,75844.47103933836,77370.1705,77554.08299689052,470.0557142857152,0.004328872600888101,741.8850835000001,0.6595622298962154,0.008433422969931437,0.018441463005445247,0.0036077224236475075,1,1,-1,1,0.19999999999999996,-0.005086505992009993,-0.0019469672299979868,1
2026-05-01 18:00:00,78552.93,78623.37,78375.53,78423.9,487.76487,70.18238449760976,538.6952909287793,444.4604392285228,94.23485170025651,77479.5125,78976.46712821435,75982.55787178564,77479.5125,77636.92271147238,448.2742857142865,-0.0016427138182225631,758.3450595,0.643196476181434,-0.003979691950125375,0.013523703992906366,0.003660680766774524,-1,1,-1,1,-0.39999999999999997,-0.002458051690874763,-0.0031674017742039373,1
2026-05-01 19:00:00,78423.91,78540.0,78313.16,78360.0,512.65483,67.75336029499232,528.6943203357223,461.30721544996265,67.38710488575964,77580.184,79026.27870578939,76134.0892942106,77580.184,77705.78721514168,453.68785714285747,-0.0008148026303205214,774.8338425,0.661631954982658,1.5952270805641433e-05,0.014125410661905757,0.0036946479757017656,1,1,0,1,0.6,-0.0002328994384890315,-0.0023736600306278888,1
2026-05-01 20:00:00,78360.01,78422.81,77752.0,77880.18,827.52759,62.07998648545544,476.5575562490121,464.35728360977265,12.200272639239472,77651.2905,79001.7556997891,76300.82530021091,77651.2905,77722.39605179486,480.35071428571456,-0.006123277182235931,791.0658000000001,1.0460919812233065,-0.007211467675362071,0.007448999629257491,0.004050315098800421,-1,1,0,1,0.0,0.006096801522543993,0.005747547065248382,1
2026-05-01 21:00:00,77880.18,78200.0,77857.97,78199.99,485.72824,63.87861516220382,455.7907176483277,462.6439704174837,-6.853252769155972,77726.9835,79018.06953495015,76435.89746504986,77726.9835,77767.88118971916,491.68714285714253,0.004106436323080054,791.009935,0.6140608587931327,-0.00018372585289960774,0.009501319193772506,0.004087904450897568,-1,1,0,-1,-0.6,0.0019685424512201344,0.00025588238566265353,1
2026-05-01 22:00:00,78200.0,78411.13,78144.7,78153.38,331.97786,60.621483621031885,430.60802965464245,456.23678226491546,-25.62875261027301,77805.0255,78991.8683536109,76618.1826463891,77805.0255,77804.59536212686,478.43214285714305,-0.0005960358818459799,797.3861089999999,0.416332635160064,-0.005086505992009993,0.0033040203214518282,0.004072523586581245,-1,1,0,-1,-0.6,0.003155589687867666,0.0020727190557847663,1
2026-05-01 23:00:00,78153.37,78249.6,78043.28,78231.13,173.55448,63.29023742330267,412.17306863790145,447.4240395395127,-35.250970901611254,77860.028,79016.94657638879,76703.10942361123,77860.028,77845.21770859096,479.4664285714285,0.0009948386109468466,753.2538765,0.23040635490177927,-0.002458051690874763,-0.006427961352472922,0.003819146448087832,-1,-1,0,-1,-0.6,-0.0007110979989679578,0.0007981477450216268,1
2026-05-02 00:00:00,78231.13,78393.39,78166.48,78341.75,211.29374,64.03342883656498,401.8569815890223,438.3106279494146,-36.45364636039227,77924.9935,79033.51393996093,76816.47306003906,77924.9935,77892.50649824897,475.1571428571427,0.0014140151113757327,714.030603,0.295916924445884,-0.0002328994384890315,-0.00021695088295814458,0.0037962263709268498,-1,-1,0,-1,-0.6,-0.002141259290225239,-0.0011800859694862664,1
2026-05-02 01:00:00,78341.75,78441.31,78294.19,78355.0,400.98852,62.55021381365814,390.2519905211957,428.6989004637708,-38.44690994257513,77984.4445,79048.20140796865,76920.68759203135,77984.4445,77936.55349841574,461.64142857142826,0.00016913076360935975,719.8924734999999,0.5570116854402701,0.006096801522543993,-0.00115863303992092,0.0037946589763366953,1,-1,0,-1,0.0,-0.0003471380256524492,-0.0027046136175100655,1
2026-05-02 02:00:00,78355.0,78513.7,78260.95,78353.93,283.69022,57.34114387949433,376.6270887954597,418.2845381301086,-41.6574493346489,78052.46699999999,79018.95459523353,77085.97940476645,78052.46699999999,77976.30364142377,425.30428571428536,-1.365579733270117e-05,712.1193820000001,0.39837452423110703,0.0019685424512201344,0.0017844549261796239,0.0037340291060310666,1,1,0,-1,0.0,-0.0017092952453053867,-0.0018210956361728314,1
2026-05-02 03:00:00,78353.93,78514.82,78237.25,78400.0,300.16391,42.743223063317494,365.3353613602376,407.6947027761345,-42.35934141589689,78115.93999999999,78989.79656403947,77242.0834359605,78115.93999999999,78016.65567557389,372.4078571428576,0.0005879730601898725,695.4409525,0.4316166727325423,0.003155589687867666,-0.0019469672299979868,0.0037284610978408697,1,-1,0,-1,0.0,-0.001079464285714371,-0.00042015306122455964,1
2026-05-02 04:00:00,78399.99,78448.99,78123.53,78175.5,411.85061,45.777046490512525,334.4163685108797,393.0390359230836,-58.622667412203896,78155.8415,78957.62727104653,77354.05572895346,78155.8415,78031.78370647162,337.0878571428579,-0.0028635204081632892,681.1467025000001,0.6046430357636503,-0.0007110979989679578,-0.0031674017742039373,0.0037712419453100996,-1,-1,0,-1,-0.6,0.0015103197293271364,0.003178489424435993,1
2026-05-02 05:00:00,78175.5,78235.25,78040.0,78174.0,526.60294,43.476883951920655,306.26141549772,375.68351183801093,-69.42209634029092,78201.11399999999,78885.62512752859,77516.60287247138,78201.11399999999,78045.32811537907,311.04428571428645,-1.918759713726015e-05,689.71857,0.7635040767424893,-0.002141259290225239,-0.0023736600306278888,0.0037465902871089475,-1,-1,0,-1,-0.6,0.000963235858469691,0.004012459385473344,1
2026-05-02 06:00:00,78174.0,78363.21,78148.24,78327.8,366.5645,52.82706646995495,292.9814789147931,359.1431052533674,-66.16162633857431,78252.287,78792.28909835151,77712.28490164848,78252.287,78072.2301996287,289.5635714285724,0.0019674060429299978,691.497173,0.5301026733192444,-0.0003471380256524492,0.005747547065248382,0.003759002508778394,-1,1,0,-1,-0.6,-0.002358294245465853,0.0016241998370949418,1
2026-05-02 07:00:00,78327.8,78342.18,78207.2,78220.0,170.02066,40.62426078826736,270.638719724011,341.44222814749617,-70.80350842348514,78290.088,78683.76084752264,77896.41515247736,78290.088,78086.30351394978,266.8057142857152,-0.0013762674299546696,670.779226,0.25346739047640093,-0.0017092952453053867,0.00025588238566265353,0.003770265249359165,-1,1,0,-1,-0.6,-0.00011199181794929736,0.0022758885195601763,1
2026-05-02 08:00:00,78220.0,78356.51,78165.3,78315.37,204.83037,46.88466992370276,257.65737027568684,324.6852565731343,-67.02788629744748,78311.05600000001,78658.28428699455,77963.82771300548,78311.05600000001,78108.11936976408,262.7607142857149,0.0012192533878803147,611.3719175,0.33503398526642336,-0.001079464285714371,0.0020727190557847663,0.00358217468448962,-1,1,0,-1,-0.6,0.00066002369649798,0.0019312939465139234,1
2026-05-02 09:00:00,78315.36,78394.0,78220.0,78293.57,257.64077,48.045912093989415,242.81149967914098,308.3105051943357,-65.49900551519471,78288.872,78572.27886136023,78005.46513863977,78288.872,78125.78133454846,258.9864285714294,-0.0002783617060098109,506.5369565,0.508631732974058,0.0015103197293271364,0.0007981477450216268,0.002587445999738147,1,1,0,-1,0.0,0.0016656540249728735,0.0024578008130169415,1
2026-05-02 10:00:00,78293.57,78311.97,78225.22,78249.3,136.41815,64.59872490547552,224.8815269931947,291.6247095541075,-66.74318256091277,78283.3995,78565.34814266904,78001.45085733096,78283.3995,78137.54501697242,217.2678571428582,-0.0005654359610886006,414.82278799999995,0.3288588620160376,0.000963235858469691,-0.0011800859694862664,0.0023606855844476877,1,-1,0,-1,0.0,0.003046289231980248,0.002582515115151285,1
2026-05-02 11:00:00,78249.31,78249.31,78094.43,78143.08,269.24301,47.29162502498486,199.79768483762746,273.2593046108115,-73.46161977318405,78268.25899999999,78545.95748507974,77990.56051492025,78268.25899999999,78138.07215821314,203.90000000000146,-0.0013574562328353412,377.6260655,0.7129884152554613,-0.002358294245465853,-0.0027046136175100655,0.002360339865592514,-1,-1,0,-1,-0.6,0.003991908176642189,0.007380052078827637,1
2026-05-02 12:00:00,78143.09,78262.37,78108.41,78211.24,182.77682,52.69824096700182,183.3054702161462,255.26853773187844,-71.96306751573223,78268.103,78545.9324472529,77990.27355274711,78268.103,78145.0405240976,195.8664285714289,0.0008722461413090965,351.5305735,0.5199457281345117,-0.00011199181794929736,-0.0018210956361728314,0.002278388074717952,-1,-1,0,-1,-0.6,0.0023881477905220994,0.007949496773097975,1
2026-05-02 13:00:00,78211.24,78423.85,78211.24,78367.06,227.00487,55.90871549663086,180.7253536868957,240.35990092288193,-59.63454723598625,78258.80900000001,78507.41840022206,78010.19959977796,78258.80900000001,78166.18523608829,196.31571428571417,0.0019922967593914986,338.414848,0.6707887415152659,0.00066002369649798,-0.00042015306122455964,0.0020974838435295377,1,-1,0,-1,0.0,0.0012704317349661043,0.0040806685870313775,1
2026-05-02 14:00:00,78367.06,78484.42,78309.84,78423.98,190.15931,53.74948702749513,181.18497345813375,228.5249154299323,-47.33994197179854,78258.813,78507.43358667528,78010.19241332471,78258.813,78190.73711836559,192.57785714285689,0.0007263255760774356,323.53457000000003,0.5877557690357478,0.0016656540249728735,0.003178489424435993,0.0020735052612701594,1,1,0,-1,0.0,0.0007908295396383824,0.0015089772286487335,1
2026-05-02 15:00:00,78423.98,78487.68,78365.96,78487.67,126.14054,55.78339828594833,184.56097215687623,219.7321267753211,-35.17115461844486,78265.19649999999,78530.73653270358,77999.6564672964,78265.19649999999,78219.01644042601,190.76357142857054,0.0008121240467520163,304.20885549999997,0.41465111129876364,0.003046289231980248,0.004012459385473344,0.0020716829503789553,1,1,0,-1,0.0,-0.00046236561742751814,-0.003144952576627613,1
2026-05-02 16:00:00,78487.67,78596.61,78430.07,78455.02,194.42514,54.28867186505731,182.498168035876,212.2853350274321,-29.78716699155609,78293.9385,78502.29188007627,78085.58511992374,78293.9385,78241.49296990925,184.60571428571296,-0.00041598890628291585,272.553733,0.7133460909155847,0.003991908176642189,0.0016241998370949418,0.0014804505286493746,1,1,0,-1,0.0,0.0033746725193619653,-0.003609329269178674,1
2026-05-02 17:00:00,78455.02,78485.53,78368.24,78398.02,213.39843,49.9167717528375,174.25525121131795,204.6793182642093,-30.42406705289133,78303.84,78512.2165398168,78095.4634601832,78303.84,78256.40030610838,173.15714285714057,-0.0007265309472866965,258.9372425,0.8241318550381951,0.0023881477905220994,0.0022758885195601763,0.0012075410691035585,1,1,0,-1,0.0,0.005548099301487364,-0.0024865423897185712,1
2026-05-02 18:00:00,78398.03,78493.31,78310.54,78466.62,118.15969,64.08281733746139,171.28367533782148,198.00018967893175,-26.71651434111027,78319.502,78527.34904298236,78111.65495701763,78319.502,78276.42122933615,162.96499999999756,0.0008750220987723267,248.246334,0.47597758281497926,0.0012704317349661043,0.0019312939465139234,0.0012059729138170017,1,1,0,-1,0.0,0.002806671167943975,-0.0038669946532677857,1
2026-05-02 19:00:00,78466.63,78521.68,78440.11,78486.0,182.05466,64.83623083653544,168.54954979206377,192.11006170155818,-23.56051190949441,78332.24549999999,78548.36725215704,78116.12374784294,78332.24549999999,78296.38111225652,154.84499999999701,0.00024698400415368305,248.67134300000004,0.7321095298061747,0.0007908295396383824,0.0024578008130169415,0.0011915620311107834,1,1,0,-1,0.0,0.0007175802053871472,-0.003014295543154244,1
2026-05-02 20:00:00,78486.23,78491.26,78418.32,78451.38,61.92886,56.6276949479784,161.72492664604215,186.033034690455,-24.308108044412847,78337.727,78560.32773417539,78115.12626582461,78337.727,78311.14291108923,144.69999999999604,-0.00044109777539935724,241.203099,0.2567498521235832,-0.00046236561742751814,0.002582515115151285,0.0011608886479770974,-1,1,0,-1,-0.6,-0.0026838278689298445,-0.002078739723890166,1
2026-05-02 21:00:00,78451.37,79199.48,78439.51,78719.78,734.53837,72.86485497300828,175.94580678352213,184.01558910906846,-8.069782325546328,78355.966,78636.7095909839,78075.2224090161,78355.966,78350.06072908074,189.3421428571393,0.0034212272620315343,257.8805915,2.848366236976,0.0033746725193619653,0.007380052078827637,0.001382103958776397,1,1,-1,-1,-0.4,-0.006960512338830105,-0.004529103104708887,1
2026-05-02 22:00:00,78719.78,78872.39,78610.46,78832.98,266.49012,73.30044205162443,194.11264100197877,186.03499948765054,8.077641514328235,78379.9185,78732.48632675492,78027.35067324508,78379.9185,78396.05304059686,194.39357142856792,0.0014380121489159237,257.0205865,1.036843482574498,0.005548099301487364,0.007949496773097975,0.0014063647948093286,1,1,-1,1,0.19999999999999996,-0.00799031065424638,-0.005646367801902086,1
2026-05-02 23:00:00,78832.98,78832.98,78631.9,78686.85,114.49221,65.92149369261448,194.47671178849123,187.7233419478187,6.753369840672519,78394.26100000001,78772.66036494958,78015.86163505045,78394.26100000001,78423.74798911145,196.3278571428538,-0.001853665813470351,247.7370015,0.4621522392972049,0.002806671167943975,0.0040806685870313775,0.0014843876873245696,1,1,0,1,0.6,-0.006654987459785211,-0.0019988092038250027,1
2026-05-03 00:00:00,78686.84,78754.55,78490.61,78542.32,233.96416,60.97190186621979,181.01623491993814,186.38192054224263,-5.365685622304483,78412.602,78781.80344946469,78043.40055053531,78412.602,78435.04056157703,208.98428571428252,-0.001836774505524108,238.842679,0.9795743414852586,0.0007175802053871472,0.0015089772286487335,0.0013880855265264805,1,1,0,-1,0.0,-0.003729199748619738,-0.0017100335207823614,1
2026-05-03 01:00:00,78542.33,78542.33,78152.25,78240.83,391.01401,53.19321307469676,144.3569298529037,177.97692240437485,-33.61999255147114,78415.94350000001,78777.17604414134,78054.71095585868,78415.94350000001,78416.54431761731,225.7842857142823,-0.0038385675391305885,232.0632325,1.6849459769547939,-0.0026838278689298445,-0.003144952576627613,0.0016608313554371834,-1,-1,0,-1,-0.6,0.0006067164676040182,0.005306436549816773,1
2026-05-03 02:00:00,78240.84,78309.09,78108.75,78171.85,222.42918,48.713930299527874,108.4874808134482,164.07903408618952,-55.59155327274132,78408.14600000001,78783.83311982811,78032.45888017191,78408.14600000001,78393.24009689185,229.09714285713977,-0.0008816368640260919,224.85646649999998,0.9892051736924364,-0.006960512338830105,-0.003609329269178674,0.0016085385557344336,-1,-1,0,-1,-0.6,0.0024484517124769845,0.007358659159275138,1
2026-05-03 03:00:00,78171.86,78217.59,78109.94,78203.08,200.3559,44.171962297948554,81.63959360802255,147.59114599055613,-65.95155238253358,78407.3,78784.84266116351,78029.7573388365,78407.3,78375.12961147357,221.59999999999647,0.00039950442518632556,226.3732285,0.8850688808372055,-0.00799031065424638,-0.0024865423897185712,0.0015830995028466817,-1,-1,0,-1,-0.6,0.002362822538447329,0.005970736702441748,1
2026-05-03 04:00:00,78203.07,78236.45,78120.0,78163.19,89.71363,40.617647270450924,56.49245014383632,129.37140682121216,-72.87895667737584,78399.69099999999,78790.92072638175,78008.46127361823,78399.69099999999,78354.94488657133,217.44785714285328,-0.0005100822115957637,220.6173915,0.4066480407098821,-0.006654987459785211,-0.0038669946532677857,0.0015594982054303195,-1,-1,0,-1,-0.6,0.004687372662246725,0.007392354380623356,1
2026-05-03 05:00:00,78163.19,78260.75,78163.17,78249.42,98.09285,41.565356538485794,43.025230049184756,112.10217146680668,-69.07694141762192,78397.4835,78791.7210893311,78003.2459106689,78397.4835,78344.89489737406,215.72357142856865,0.00110320471823111,212.6399955,0.4613094999806845,-0.003729199748619738,-0.003014295543154244,0.0015814436225700707,-1,-1,0,-1,-0.6,0.0020267242875409153,0.005353905498596712,1
2026-05-03 06:00:00,78249.41,78337.26,78084.08,78288.3,306.94233,44.12361831716654,35.085211683865055,96.69877951021836,-61.613567826353304,78399.43350000001,78790.96146552605,78007.90553447398,78399.43350000001,78339.50490714797,221.91214285714003,0.0004968726924750033,221.1662045,1.3878355904054953,0.0006067164676040182,-0.002078739723890166,0.0015802473122206145,1,-1,0,-1,0.0,0.0046968704135865735,0.004671196079107487,1
2026-05-03 07:00:00,78288.3,78483.67,78288.29,78363.25,299.42086,48.789775219107256,34.4434854810097,84.24772070437663,-49.80423522336693,78410.44200000001,78783.56977246082,78037.3142275392,78410.44200000001,78341.76634456245,227.48999999999796,0.0009573588901534702,222.67509699999997,1.3446535514476505,0.0024484517124769845,-0.004529103104708887,0.0015581963627029829,1,-1,0,-1,0.0,0.0048982144053493215,0.004626020487920046,1
2026-05-03 08:00:00,78363.24,78505.92,78363.24,78387.86,102.01693,47.17203343578562,35.51138107159932,74.50045277782117,-38.98907170622185,78419.273,78780.72747932437,78057.81852067563,78419.273,78346.15621650888,224.62642857142575,0.0003140502722895899,218.63710250000003,0.46660392418985697,0.002362822538447329,-0.005646367801902086,0.001549399343962492,1,-1,0,-1,0.0,0.003599409398342912,0.004488067412479424,1
2026-05-03 09:00:00,78387.87,78604.67,78354.53,78529.57,293.1321,51.438096181140295,47.247864727221895,69.04993516770132,-21.802070440479426,78427.3985,78791.20964933213,78063.58735066786,78427.3985,78363.62419588897,236.66714285714053,0.0018078054433430246,221.943464,1.3207512161745838,0.004687372662246725,-0.0019988092038250027,0.0015381359087858367,1,-1,0,-1,0.0,0.002692361616140282,0.0029383835923206814,1
2026-05-03 10:00:00,78529.57,78534.4,78406.97,78408.01,140.79481,48.646202061443454,46.20758423261577,64.48146498068421,-18.273880748068436,78426.6,78790.5128292216,78062.68717077842,78426.6,78367.85141532813,240.55928571428376,-0.0015479519370857897,219.47523899999996,0.6415065801568625,0.0020267242875409153,-0.0017100335207823614,0.0015734246256168044,1,-1,0,-1,0.0,0.0033204515712106364,0.006478674819065278,1
2026-05-03 11:00:00,78408.01,78849.22,78380.0,78656.01,412.8313,47.98373582734164,64.6494432840409,64.51506064135555,0.1343826426853525,78435.017,78812.41448275796,78057.61951724206,78435.017,78395.29509005879,219.79142857142662,0.0031629421534866697,233.80977700000003,1.7656716724895554,0.0046968704135865735,0.005306436549816773,0.0017190621940220464,1,1,0,1,0.6,-2.5554309200259695e-05,0.0022322515469574977,1
2026-05-03 12:00:00,78656.01,78878.77,78656.0,78747.09,294.28187,47.245826572691094,85.62708848631883,68.7374662103482,16.889622275970623,78449.62049999999,78852.05029852966,78047.19070147032,78449.62049999999,78428.79936719604,216.99428571428456,0.001157953473612583,238.8026135,1.232322652113688,0.0048982144053493215,0.007358659159275138,0.0017297796138202141,1,1,0,1,0.6,-0.00027086715204338585,0.005463059015895055,1
2026-05-03 13:00:00,78747.09,78769.63,78586.99,78670.01,196.40341,49.43498275422384,94.93792631164251,73.97755823060707,20.96036808103544,78463.22,78876.54318695178,78049.89681304822,78463.22,78451.77180841548,215.67714285714152,-0.0009788298208861512,237.95286249999998,0.8253878853842325,0.003599409398342912,0.005970736702441748,0.001737696103178186,1,1,0,1,0.6,0.0008854708420655832,-0.0012894367243627691,1
2026-05-03 14:00:00,78670.01,78786.57,78608.7,78741.0,409.96615,57.01216929722979,106.81384852449992,80.54481628938565,26.269032235114267,78476.939,78908.54730666649,78045.33069333351,78476.939,78479.31735047114,209.52928571428492,0.0009023769032190376,252.54318550000002,1.6233506724338043,0.002692361616140282,0.007392354380623356,0.001738287072430432,1,1,0,1,0.6,0.00024536137463337937,-0.0024619956566465095,1
2026-05-03 15:00:00,78741.0,78815.19,78633.4,78668.36,237.20487,67.99626209137642,109.10645027502324,86.25714308651318,22.849307188510053,78486.057,78926.09392628822,78046.02007371178,78486.057,78497.32141233103,194.65142857142823,-0.0009225181290559714,255.30069599999996,0.9291195586869847,0.0033204515712106364,0.005353905498596712,0.0017553598646598,1,1,0,1,0.6,0.0031477712259415647,0.013996351264981222,0
2026-05-03 16:00:00,78668.36,78784.56,78600.0,78654.0,167.53902,71.2736386018472,108.51374281149765,90.70846303151008,17.805279779987572,78496.188,78942.15329769679,78050.2227023032,78496.188,78512.24318258521,193.52428571428547,-0.0001825384436640043,260.58120399999996,0.6429436100080342,-2.5554309200259695e-05,0.004671196079107487,0.001751978145581766,-1,1,-1,1,-0.39999999999999997,0.0022578635543011316,0.019316245836193957,0
2026-05-03 17:00:00,78654.01,78822.83,78558.65,78725.76,357.9255,72.2655784074831,112.53719146187359,95.07420871758279,17.462982744290798,78496.487,78943.0910527691,78049.88294723089,78496.487,78532.5781175771,204.7050000000007,0.0009123502936911887,241.75056050000003,1.4805570636929297,-0.00027086715204338585,0.004626020487920046,0.0015858998189601187,-1,1,-1,1,-0.39999999999999997,0.005735479720996084,0.02020367920233479,0
2026-05-03 18:00:00,78725.76,78763.57,78631.61,78739.67,138.18974,75.11326409702306,115.51662055875931,99.16269108581811,16.353929472941203,78491.82149999999,78925.38378215162,78058.25921784836,78491.82149999999,78552.30115399833,205.81285714285852,0.0001766893072865372,235.3355415,0.5872030171014352,0.0008854708420655832,0.004488067412479424,0.0015506004988008369,1,1,-1,1,0.19999999999999996,-0.00217298345294048,0.020223478203553524,0
2026-05-03 19:00:00,78739.68,78853.32,78676.67,78760.32,252.60944,73.60513038496329,118.18179582772427,102.96651203419937,15.215283793524904,78495.49500000001,78937.18377731809,78053.80622268193,78495.49500000001,78572.11247266515,211.46071428571616,0.0002622566236307744,242.241403,1.0428004332521144,0.00024536137463337937,0.0029383835923206814,0.001492745204378124,1,1,-1,1,0.19999999999999996,-0.0027066929133858775,0.016086018949643455,0
2026-05-03 20:00:00,78760.32,79268.0,78732.04,78915.99,645.7979,76.17621792038109,131.34121467573277,108.64145256250607,22.699762113226697,78514.17850000001,78994.15977967801,78034.197220322,78514.17850000001,78604.8627133637,231.65928571428853,0.0019765028887641645,262.83308999999997,2.4570646717275975,0.0031477712259415647,0.006478674819065278,0.0014828720577666728,1,1,-1,1,0.19999999999999996,0.010814538346411107,0.012189037988372009,0
2026-05-03 21:00:00,78915.99,79056.59,78650.0,78831.59,357.48617,69.37819632246985,133.4217711557867,113.5975162811622,19.8242548746245,78543.71650000001,79025.57593047325,78061.85706952677,78543.71650000001,78626.45578828144,246.74571428571653,-0.0010694917468564435,261.156698,1.3688569840931286,0.0022578635543011316,0.0022322515469574977,0.001180652804486668,1,1,0,1,0.6,0.01701995354907848,0.010974788152820603,0
2026-05-03 22:00:00,78831.6,79447.0,78831.6,79177.29,934.95879,75.8066308817848,161.10856872671866,123.09972677027349,38.00884195644517,78593.98849999999,79120.24251759094,78067.73448240904,78593.98849999999,78678.9161893975,280.5121428571459,0.00438529782286512,296.7831785,3.150309241667482,0.005735479720996084,0.005463059015895055,0.0014433478978300395,1,1,-1,1,0.19999999999999996,0.01438569064437556,0.006706594782418085,0
2026-05-03 23:00:00,79177.29,79287.82,78484.42,78568.57,642.72198,50.97669945705526,132.4056486614718,124.96091114851315,7.444737512958639,78612.263,79105.72299254678,78118.80300745323,78612.263,78668.40702850251,320.0307142857179,-0.0076880630797036,318.9014825,2.015424873416824,-0.00217298345294048,-0.0012894367243627691,0.0023576661611893067,-1,-1,0,1,0.0,0.02244523478026883,0.01616307895129032,0
2026-05-04 00:00:00,78568.58,78572.57,78288.88,78547.14,434.86007,53.66828553198455,106.69919392476731,121.30856770376398,-14.60937377899667,78631.4605,79079.10737582843,78183.81362417157,78631.4605,78656.85778769274,331.1921428571472,-0.0002727553778820724,336.15880450000003,1.293614994397685,-0.0027066929133858775,-0.0024619956566465095,0.002354309290878657,-1,-1,0,-1,-0.6,0.01884371601563073,0.005004892603346134,0
2026-05-04 01:00:00,78547.15,79848.84,78412.49,79769.43,1366.42153,69.3929661264926,182.84747931422316,133.61635002585584,49.23112928836733,78707.461,79353.96411435227,78060.95788564772,78707.461,78762.81704600772,400.27285714286074,0.015561228581969955,399.5752385,3.4196852015393344,0.010814538346411107,0.013996351264981222,0.004158908784588209,1,1,0,1,0.6,0.0013597940965606181,-0.012232254887617922,2
2026-05-04 02:00:00,79769.43,80420.9,79540.05,80173.3,2278.14954,72.40024250267788,272.6416347696213,161.42140697460894,111.22022779501236,78801.711,79693.85998391388,77909.56201608611,78801.711,78897.14875591175,447.27857142857414,0.005062967104064953,498.135599,4.573352204848142,0.01701995354907848,0.019316245836193957,0.004255737457473438,1,1,-1,1,0.19999999999999996,-0.005943998812572349,-0.016415938972201616,2
2026-05-04 03:00:00,80173.3,80458.0,79926.9,80316.31,1012.18218,75.33236905274818,351.29435901793477,199.39599738327414,151.89836163466063,78899.36399999999,79994.0118894788,77804.71611052117,78899.36399999999,79032.30696963445,472.1685714285746,0.0017837609278898992,533.7736649999999,1.8962759805694052,0.01438569064437556,0.02020367920233479,0.004257280627525171,1,1,-1,1,0.19999999999999996,-0.007570193401564285,-0.019003736600946897,2
2026-05-04 04:00:00,80316.3,80635.51,80233.04,80332.06,1362.02834,74.90576552207773,410.1699195085821,241.55078180833578,168.6191377002463,78996.574,80235.73265460705,77757.41534539293,78996.574,79156.0929725264,488.2114285714311,0.00019609964651023937,596.7742355,2.2823175984781603,0.02244523478026883,0.020223478203553524,0.004258712589586508,1,1,-1,1,0.19999999999999996,-0.006144246767728845,-0.001442761457878583,1
2026-05-04 05:00:00,80332.06,80395.96,79956.25,80027.26,746.81318,69.8303135725792,427.30866439999954,278.7023583266686,148.60630607333093,79071.4585,80371.31755643975,77771.59944356023,79071.4585,79239.06126085721,506.6342857142881,-0.0037942510126094398,619.4582895000001,1.205590743813914,0.01884371601563073,0.016086018949643455,0.004400863173420121,1,1,0,1,0.6,-0.013582871636489857,1.9868229900854573e-05,2
2026-05-04 06:00:00,80027.26,80048.64,79500.0,79877.9,1103.73906,67.18323542955972,423.95208373773494,307.7523034088819,116.19978032885302,79144.95300000001,80453.05846746486,77836.84753253516,79144.95300000001,79299.90304553747,532.6400000000025,-0.0018663640364545708,667.605502,1.6532803529830706,0.0013597940965606181,0.012189037988372009,0.004410955770876524,1,1,0,1,0.6,-0.013573591694323373,0.0018419362552095642,2
2026-05-04 07:00:00,79877.91,79946.33,79672.0,79696.75,419.83178,63.226187849217226,402.0402090451971,326.609884536145,75.43032450905213,79196.98999999999,80506.00105910921,77887.97894089077,79196.98999999999,79337.69799358152,533.3650000000022,-0.0022678362851300538,667.955526,0.628532534964012,-0.005943998812572349,0.010974788152820603,0.0044338974497350496,-1,1,0,1,0.0,-0.010534557557240531,0.008708761649628194,2
2026-05-04 08:00:00,79696.75,79800.0,79602.32,79708.3,435.36516,63.20252974770678,381.2124985704868,337.5304073430134,43.68209122747339,79245.0505,80555.09300224567,77935.00799775432,79245.0505,79372.99342276424,538.0592857142868,0.0001449243538789169,675.0096905,0.6449761627533257,-0.007570193401564285,0.006706594782418085,0.004433776923875595,-1,1,0,1,0.0,-0.011520757562261452,0.005101225342906579,2
2026-05-04 09:00:00,79708.3,79930.0,79647.87,79838.48,473.40316,64.26937859328501,370.93491915501363,344.2113097054135,26.723609449600133,79303.474,80609.75234841563,77997.19565158438,79303.474,79417.32547773907,545.5935714285723,0.0016332050740008874,688.859678,0.6872272759155458,-0.006144246767728845,0.01616307895129032,0.004422780705582572,-1,1,0,1,0.0,0.004730550982433579,0.002690807740828749,1
2026-05-04 10:00:00,79838.49,79880.0,78202.0,78940.26,4380.72428,50.268447913140896,287.0026285115164,332.7695734666341,-45.76694495511771,79313.437,80604.60432321468,78022.26967678533,79313.437,79371.89067033536,627.1678571428575,-0.011250464688205453,887.3975845000001,4.936597029919006,-0.013582871636489857,0.005004892603346134,0.005171692936808649,-1,1,0,-1,-0.6,0.013790048322617876,0.012622709882131211,0
2026-05-04 11:00:00,78940.27,79124.83,78708.87,78793.67,699.54546,49.58626288018646,206.27923694167112,307.4715061616415,-101.1922692199704,79319.7025,80598.84985475647,78040.55514524353,79319.7025,79316.82203506533,627.8371428571439,-0.0018569738685937365,910.5146139999999,0.7682967952889992,-0.013573591694323373,-0.012232254887617922,0.005185989591494263,-1,-1,0,-1,-0.6,0.01562765130752264,0.018599209809620598,0
2026-05-04 12:00:00,78793.67,79020.0,78718.55,78857.18,426.01688,46.27816288138626,145.74997873805114,275.12720067692345,-129.3772219388723,79329.8615,80589.83129295346,78069.89170704654,79329.8615,79273.04660315433,605.4114285714293,0.0008060292152909376,923.4385069999998,0.46133757339621106,-0.010534557557240531,-0.016415938972201616,0.005187942645434036,-1,-1,0,-1,-0.6,0.01944819736135628,0.015344829728884513,0
2026-05-04 13:00:00,78857.18,79124.83,78581.74,78790.0,725.07004,52.94541739715705,91.30671400600113,238.36310334273898,-147.05638933673785,79333.0735,80586.87142747661,78079.27557252339,79333.0735,79227.04216475868,586.817857142857,-0.0008519198885883483,941.795734,0.7698803613395853,-0.011520757562261452,-0.019003736600946897,0.0051891494650387554,-1,-1,0,-1,-0.6,0.016815712653890147,0.013593222490163592,0
2026-05-04 14:00:00,78790.01,80545.17,78500.0,80216.16,2308.42012,66.16133642677048,161.37895144947106,222.96627296408542,-61.58732151461436,79406.898,80687.17402456833,78126.62197543167,79406.898,79321.2438633531,712.6378571428567,0.018100774209925063,1050.307253,2.1978522126800932,0.004730550982433579,-0.001442761457878583,0.006574439950690899,1,-1,0,-1,0.0,-0.002030139562901101,-0.0005672173786429591,1
2026-05-04 15:00:00,80216.15,80367.93,79320.28,80028.85,2458.63305,53.141712525190066,199.4976679484971,218.27255196096775,-18.774884012470636,79470.3245,80741.38370047856,78199.26529952144,79470.3245,79388.63492398613,684.8735714285712,-0.0023350656526066604,1160.6084335,2.118400124480915,0.013790048322617876,1.9868229900854573e-05,0.00661426686122636,1,1,0,-1,0.0,-0.0011514597548260008,0.004037918825523512,1
2026-05-04 16:00:00,80028.85,80395.68,79619.33,80025.03,1492.78417,48.01171488417867,226.7845521805284,219.97495200487992,6.809600175648484,79525.7765,80791.76665133653,78259.78634866349,79525.7765,79449.2439788446,677.4092857142854,-4.773278636405198e-05,1202.957747,1.2409281819937439,0.01562765130752264,0.0018419362552095642,0.0066111233853237234,1,1,0,1,0.6,0.0029258345795060148,0.0066185542198484715,1
2026-05-04 17:00:00,80025.03,80776.99,80021.5,80390.81,1080.11249,50.94271339488177,274.75775718077784,230.93151304005949,43.82624414071836,79603.7375,80881.71305857562,78325.76194142438,79603.7375,79538.91693324035,693.4371428571425,0.004570819904722301,1239.089063,0.8716988328384592,0.01944819736135628,0.008708761649628194,0.00665101098109436,1,1,0,1,0.6,-0.004025086947127443,0.006247853454891317,1
2026-05-04 18:00:00,80390.8,80439.18,80035.32,80114.91,663.99913,47.42194604785463,287.2033422131062,242.18587887466882,45.01746333843741,79650.61850000001,80931.5133805042,78369.72361949582,79650.61850000001,79593.77341578889,693.5364285714271,-0.0034319843275617545,1225.54108,0.5418007938175358,0.016815712653890147,0.005101225342906579,0.006671307128419664,1,1,0,1,0.6,-0.003169197843447713,0.009830005425956356,1
2026-05-04 19:00:00,80114.91,80138.0,79900.0,80053.31,505.59924,50.32822536545788,288.76722402231826,251.50214790419872,37.26507611811954,79724.8555,80910.2396833567,78539.4713166433,79724.8555,79637.53880476138,679.1285714285696,-0.0007688955776147255,1218.6849429999997,0.41487280441438923,-0.002030139562901101,0.002690807740828749,0.006391905603757357,-1,1,0,1,0.0,0.001465898162112289,0.011450994343644272,0
2026-05-04 20:00:00,80053.31,80154.12,79901.0,79936.7,459.51864,50.747034729492164,277.39947075006785,256.6816124733726,20.717858276695267,79794.3335,80844.21718666871,78744.44981333127,79794.3335,79666.03034716505,658.0199999999978,-0.0014566543219761696,1219.9178715,0.3766799804604715,-0.0011514597548260008,0.012622709882131211,0.006409339989687409,-1,1,0,1,0.0,0.0051953608292560904,0.01300153746652044,0
2026-05-04 21:00:00,79936.7,80383.15,79936.7,80259.17,343.30642,56.897676654696724,291.05596638293355,263.5564832552848,27.499483127648773,79818.8205,80888.90907113222,78748.73192886778,79818.8205,79722.51983791124,670.3142857142832,0.004034066955478588,1168.762116,0.2937350683259141,0.0029258345795060148,0.018599209809620598,0.005470790154173018,1,1,0,1,0.6,0.003681946872861941,0.007431175777172783,1
2026-05-04 22:00:00,80259.18,80397.19,80042.84,80067.23,272.35375,54.215494906360114,283.12716989719775,267.47062058366737,15.656549313530377,79813.51699999999,80877.2407853134,78749.79321468658,79813.51699999999,79755.34937715779,681.5049999999984,-0.0023915024289437037,1068.4723265,0.25490014410775663,-0.004025086947127443,0.015344829728884513,0.00538390762110004,-1,1,0,1,0.0,0.010314456988208542,0.009342273986498784,0
2026-05-04 23:00:00,80067.22,80067.22,79744.91,79861.01,594.08368,50.25996293826197,257.2380311132438,265.42410268958264,-8.186071576338861,79790.75200000001,80828.33565689837,78753.16834310164,79790.75200000001,79765.41229361895,684.3757142857119,-0.002575585542299863,1047.5674015,0.5671078339678557,-0.003169197843447713,0.013593222490163592,0.0053938887982611095,-1,1,0,-1,-0.6,0.013040531293055269,0.009078397580997377,0
2026-05-05 00:00:00,79861.01,80183.33,79808.72,80170.66,425.73287,66.42837686995635,258.7244547883456,264.0841731093352,-5.3597183209896,79782.682,80804.9362173933,78760.4277826067,79782.682,79804.00731327428,591.2764285714262,0.003877361430816073,1000.752628,0.42541269249607205,0.001465898162112289,-0.0005672173786429591,0.005472879989342298,1,-1,0,-1,0.0,0.009970480472532017,0.008144500743788363,1
2026-05-05 01:00:00,80170.66,80385.06,80080.76,80352.0,530.02962,70.61561215931249,271.4064738524321,265.5486332579546,5.857840594477523,79798.919,80847.50695151607,78750.33104848392,79798.919,79856.19709296245,583.3007142857116,0.0022619247490291983,989.91345,0.5354302641306672,0.0051953608292560904,0.004037918825523512,0.005424256091464574,1,1,-1,1,0.19999999999999996,0.0077658303464755996,0.008239371764237502,1
2026-05-05 02:00:00,80351.99,80900.0,80300.0,80554.68,768.44478,71.65918962094183,294.4177825339575,271.32246311315515,23.095319420802355,79832.758,80934.41554729163,78731.10045270837,79832.758,79922.71927458508,604.6257142857119,0.0025224014336917566,973.1487359999999,0.7896478221392872,0.003681946872861941,0.0066185542198484715,0.005424336712884054,1,1,-1,1,0.19999999999999996,0.003735475083508577,0.008996746061184835,1
2026-05-05 03:00:00,80554.69,81083.98,80457.93,80893.08,677.93372,75.09713882020478,336.086269021951,284.2752242949143,51.81104472703669,79892.5745,81088.97776890942,78696.17123109059,79892.5745,80015.13458176744,610.5514285714265,0.004200873245353343,986.0538329999999,0.6875220168633531,0.010314456988208542,0.006247853454891317,0.005447445016600726,1,1,-1,1,0.19999999999999996,-0.0009622578346627497,0.005401203662909193,1
2026-05-05 04:00:00,80893.08,80982.59,80725.0,80902.44,528.94138,62.37396685274127,365.64914283422695,300.55000800277685,65.0991348314501,79952.28150000001,81226.61364158228,78677.94935841774,79952.28150000001,80099.63985969435,482.8671428571407,0.00011570829049900588,990.7326439999999,0.5338891205446139,0.013040531293055269,0.009830005425956356,0.005447622349437155,1,1,0,1,0.6,-0.0039111304924795975,0.005366340001611736,1
2026-05-05 05:00:00,80902.44,81323.52,80830.06,80970.0,1011.38606,67.73526097394573,390.033398466825,318.44668609558653,71.58671237123849,80008.85750000001,81360.06863094885,78657.64636905117,80008.85750000001,80182.53130162822,443.2821428571416,0.0008350798813978599,1017.631789,0.9938624863457366,0.009970480472532017,0.011450994343644272,0.005443794220011636,1,1,0,1,0.6,-0.0018079535630480814,0.006856737063109852,1
2026-05-05 06:00:00,80969.99,81016.42,80800.0,80976.0,389.83367,67.90560005422682,405.1716796779365,335.79168481205653,69.37999486587995,80110.64450000001,81429.22961513542,78792.0593848646,80110.64450000001,80258.0997490922,403.2871428571421,7.4101519081049e-05,818.0872585,0.47651844708445606,0.0077658303464755996,0.01300153746652044,0.004666922535916758,1,1,0,1,0.6,0.00046989231377203566,0.003825207468879599,1
2026-05-05 07:00:00,80976.0,81136.59,80826.0,80855.59,1044.4323,59.642178462661846,402.8094592059788,349.195239690841,53.61421951513779,80213.74049999999,81416.07271723168,79011.40828276829,80213.74049999999,80315.003582512,371.50857142857006,-0.0014869837976685396,835.3316005,1.250320590499437,0.003735475083508577,0.007431175777172783,0.004654532812354048,1,1,0,1,0.6,0.0052416907724006645,0.005132731082662323,1
2026-05-05 08:00:00,80855.59,80895.5,80723.2,80815.24,474.4579,66.10257565794006,393.14949206463643,357.9860901656001,35.16340189903633,80311.64349999999,81357.58386490736,79265.70313509263,80311.64349999999,80362.64514608229,354.96857142857124,-0.0004990378525466799,837.7536514999999,0.5663453679377964,-0.0009622578346627497,0.009342273986498784,0.004670980407002942,-1,1,0,1,0.0,0.006369590686113202,0.008658762876902815,1
2026-05-05 09:00:00,80815.24,80815.24,80527.76,80586.02,865.34761,61.37195213068011,362.8154495229537,358.95196203707087,3.8634874858828425,80401.4445,81168.53847676057,79634.35052323942,80401.4445,80383.9189416935,358.50285714285775,-0.0028363462139071594,844.7675300000001,1.0243618265015464,-0.0039111304924795975,0.009078397580997377,0.0047382891915637975,-1,1,0,1,0.0,0.009313898365994389,0.012661377246326433,0
2026-05-05 10:00:00,80586.02,80831.87,80530.82,80823.61,521.10422,68.00328029912436,353.8678612122603,357.9351418721088,-4.06728065984845,80431.81700000001,81215.93583389686,79647.69816610316,80431.81700000001,80425.79428057984,361.92642857142863,0.002948278125660009,755.401735,0.6898372029818015,-0.0018079535630480814,0.008144500743788363,0.0026222010768887118,-1,1,0,-1,-0.6,0.00868038435798657,0.010179822455344434,0
2026-05-05 11:00:00,80823.61,81095.48,80780.0,81014.05,623.66253,66.19108083529238,358.0167551430495,357.95146452629695,0.06529061675257708,80481.077,81282.20555307738,79679.94844692263,80481.077,80481.81863481033,352.57142857142856,0.002356242192101954,663.653209,0.9397416023042239,0.00046989231377203566,0.008239371764237502,0.002575913585601201,1,1,0,1,0.6,0.003353739258807442,0.004851751023433604,1
2026-05-05 12:00:00,81014.05,81329.61,80932.54,81279.41,607.82057,75.20564921940644,378.3556691327831,362.0323054475942,16.323363685188895,80543.796,81389.7481333478,79697.8438666522,80543.796,80557.77971720936,355.62285714285724,0.0032754812282560497,619.4050289999999,0.9812974411610728,0.0052416907724006645,0.008996746061184835,0.0026373564694663117,1,1,-1,1,0.19999999999999996,-0.00010839153483022113,-0.0020686665909607216,1
2026-05-05 13:00:00,81279.4,81712.32,81196.0,81330.0,1771.4169,82.6594633050981,394.01463970443,368.4287722989614,25.585867405468605,80590.7555,81502.65051094831,79678.86048905169,80590.7555,80631.32450604656,369.4800000000011,0.0006224208566474321,653.9702494999999,2.7087117515733414,0.006369590686113202,0.005401203662909193,0.0024819598095970237,1,1,-1,1,0.19999999999999996,0.0022746833886635454,-0.00521923029632354,1
2026-05-05 14:00:00,81330.0,81500.0,80939.87,81336.59,1282.91373,79.9587849261778,402.318566622911,375.2067311637514,27.111835459159636,80651.8395,81592.73375409674,79710.94524590326,80651.8395,80698.49264832784,382.73142857143,8.102791097996942e-05,684.9159794999999,1.873096508766737,0.009313898365994389,0.005366340001611736,0.0023004716336731145,1,1,-1,1,0.19999999999999996,0.003316588512009222,-0.0037692753040176052,1
2026-05-05 15:00:00,81336.59,81689.2,81235.0,81525.19,899.04049,80.0332795740216,419.28467954622465,384.0223208402461,35.262358705978556,80725.4335,81698.89952507388,79751.96747492612,80725.4335,80777.22572943948,393.4385714285724,0.0023187596136007294,704.588042,1.275980340864201,0.00868038435798657,0.006856737063109852,0.0022961048652061404,1,1,-1,1,0.19999999999999996,0.0014865344073409226,-0.0010530487570774572,1
2026-05-05 16:00:00,81525.19,81615.33,81050.04,81285.75,707.45267,68.36942374278249,408.6984183944587,388.95754035108865,19.74087804337006,80792.886,81722.1900673306,79863.5819326694,80792.886,80825.65661235001,390.9592857142873,-0.002937006341230286,716.9847434999999,0.9867053328729583,0.003353739258807442,0.003825207468879599,0.002398137178181493,1,1,0,1,0.6,0.0014930046164303157,0.0009569943071201514,1
2026-05-05 17:00:00,81285.75,81458.26,81185.02,81270.6,280.80669,61.32564530258141,394.5382603024191,390.0736843413548,4.46457596106427,80843.4575,81760.47062626673,79926.44437373328,80843.4575,80868.03217307858,365.7585714285721,-0.00018637953146760644,713.859757,0.3933639447334752,-0.00010839153483022113,0.005132731082662323,0.0022853055214053994,-1,1,0,1,0.0,-0.0019604875563856705,0.003827829497998092,1
2026-05-05 18:00:00,81270.61,81599.0,81270.61,81515.0,427.56223,66.1055897354999,398.44425313283864,391.7477980996516,6.696455033187021,80915.846,81802.94362106787,80028.74837893214,80915.846,80929.6481565949,370.8164285714291,0.0030072375496181802,721.620181,0.5925031495204262,0.0022746833886635454,0.008658762876902815,0.002227894709696481,1,1,0,1,0.6,-0.007476906090903457,-0.0022560264981904554,1
2026-05-05 19:00:00,81515.0,81680.0,81407.58,81606.35,364.63717,66.52436522651399,404.25100816370104,394.24844011246154,10.002568051239507,81003.113,81791.15275327647,80215.07324672352,81003.113,80994.0959512049,355.0278571428571,0.001120652640618447,710.1478555000001,0.513466550910397,0.003316588512009222,0.012661377246326433,0.002072396272207534,1,1,0,1,0.6,-0.0070624406066440715,-0.003349616788399512,1
2026-05-05 20:00:00,81606.35,81770.0,81510.13,81646.38,724.67261,67.1057197681067,407.3868873683532,396.8761295636399,10.510757804713307,81076.899,81811.27428921468,80342.52371078533,81076.899,81056.21824156634,358.13142857142833,0.0004905255534648489,725.0948425,0.9994176865214703,0.0014865344073409226,0.010179822455344434,0.0019678298573174383,1,1,0,1,0.6,-0.0025358135902657786,-0.0020781080557398246,1
2026-05-05 21:00:00,81646.39,81791.48,81305.27,81407.11,618.58873,63.268026058757464,386.11412164698413,394.7237279803088,-8.609606333324678,81129.65449999999,81792.91700251595,80466.39199748402,81129.65449999999,81089.6365042743,370.6757142857137,-0.002930564710891037,729.522798,0.8479361189203029,0.0014930046164303157,0.004851751023433604,0.0021175083168779446,1,1,0,-1,0.0,-0.0005352112364633843,-0.0005809074907584533,1
2026-05-05 22:00:00,81407.11,81600.0,80817.72,81111.27,921.88572,56.34204133049398,341.44749184652756,384.0684807535526,-42.62098890702504,81157.484,81763.39508296642,80551.57291703357,81157.484,81091.69683720056,414.2457142857134,-0.0036340806104036005,737.194845,1.2505319675695779,-0.0019604875563856705,-0.0020686665909607216,0.002273442369355436,-1,-1,0,-1,-0.6,0.0057996872691057355,0.010286979848792788,0
2026-05-05 23:00:00,81111.27,81222.03,80790.0,80905.52,479.07578,56.91438711911359,286.1480241470563,364.48438943225335,-78.33636528519708,81158.106,81762.89875033812,80553.31324966188,81158.106,81073.96570984813,424.5707142857126,-0.0025366388665841733,727.2519479999999,0.6587480189190227,-0.007476906090903457,-0.00521923029632354,0.00216907562814233,-1,-1,0,-1,-0.6,0.005260209686557937,0.013490797661271925,0
2026-05-06 00:00:00,80905.53,81262.28,80731.14,81030.01,876.19915,54.69667318982377,249.49211043214018,341.48593363223074,-91.99382320009056,81164.48449999999,81760.55188633662,80568.41711366337,81164.48449999999,81069.77945176735,441.0057142857134,0.001538708360072194,744.6148365,1.176714600690071,-0.0070624406066440715,-0.0037692753040176052,0.002195900938946871,-1,-1,0,-1,-0.6,0.0037392319216054126,0.015450695365827993,0
2026-05-06 01:00:00,81030.0,81534.23,80996.0,81439.34,803.82574,58.80083933796589,250.58298019471113,323.3053429447268,-72.72236275001569,81187.9515,81788.7167814916,80587.18621850839,81187.9515,81104.97569445617,456.9164285714277,0.005051585208986076,734.2368205,1.0947772129605422,-0.0025358135902657786,-0.0010530487570774572,0.0024587775069131747,-1,-1,0,-1,-0.6,0.000458869141130247,0.010346842201815587,0
2026-05-06 02:00:00,81439.34,81449.04,81047.01,81363.54,621.19491,51.88917781580214,242.53528009194997,307.1513303741715,-64.61605028222152,81207.32849999999,81804.29687732818,80610.3601226718,81207.32849999999,81129.60086641271,457.2707142857128,-0.0009307541048343415,745.8048825,0.8329188029953667,-0.0005352112364633843,0.0009569943071201514,0.0024736836814032814,-1,1,0,-1,-0.6,-4.572072454056553e-05,0.011288102754624552,0
2026-05-06 03:00:00,81363.54,81760.84,81358.17,81581.69,710.52364,55.25626621111946,250.8684463351965,295.8947535663765,-45.02630723118,81243.63350000001,81838.84755376843,80648.4194462316,81243.63350000001,81172.65697437341,449.152857142855,0.0026811763598291183,729.1094495,0.9745088895600715,0.0057996872691057355,0.003827829497998092,0.002495864908970185,1,1,0,-1,0.0,0.004461417751949082,0.008583911414436152,1
2026-05-06 04:00:00,81581.7,81649.99,81270.0,81331.1,575.6413,49.89595139091592,234.54829514301673,283.62546188170455,-49.07716673868782,81269.4265,81830.18777341432,80708.66522658568,81269.4265,81187.74678633784,436.28571428571223,-0.003071645120369504,734.1686195,0.7840723298580048,0.005260209686557937,-0.0022560264981904554,0.0026109911258138927,1,-1,0,-1,0.0,0.008187519903210427,0.011691468577210706,0
2026-05-06 05:00:00,81331.1,81360.3,81060.0,81333.0,592.1865,46.080139017495426,219.24050380848348,270.7484702670603,-51.507966458576846,81306.7755,81766.23763795228,80847.31336204773,81306.7755,81201.58042573424,425.2928571428555,2.3361297215807042e-05,720.5105639999999,0.8218984281263086,0.0037392319216054126,-0.003349616788399512,0.00250511680154421,1,-1,0,-1,0.0,0.011667834704240487,0.011667834704240487,0
2026-05-06 06:00:00,81333.0,81516.9,81211.34,81476.71,524.1354,54.05304445274575,216.21279830354615,259.84133587435747,-43.62853757081132,81339.4305,81743.84112259072,80935.01987740929,81339.4305,81227.78324233097,406.7407142857119,0.0017669334710388451,720.662123,0.7272969999007427,0.000458869141130247,-0.0020781080557398246,0.0024569322284512607,1,-1,0,-1,0.0,0.009883437856044841,0.009883437856044841,1
2026-05-06 07:00:00,81476.71,81611.0,81307.81,81359.82,608.74333,51.8152594099695,202.05214244296076,248.28349718807812,-46.23135474511736,81356.719,81731.00236793616,80982.43563206383,81356.719,81240.35817163279,408.8799999999984,-0.0014346431023049,719.9161630000001,0.8455753062457634,-4.572072454056553e-05,-0.0005809074907584533,0.0024447029043345916,-1,-1,0,-1,-0.6,0.011334341693479466,0.011334341693479466,0
2026-05-06 08:00:00,81359.82,81986.0,81328.68,81945.66,1353.41416,57.693269594918135,235.38869819384126,245.70453738923078,-10.315839195389515,81390.03150000001,81845.20030722012,80934.8626927799,81390.03150000001,81307.52977433444,432.37428571428507,0.0072006059010454315,757.1958425,1.7874030522031028,0.004461417751949082,0.010286979848792788,0.002830383512290495,1,1,0,-1,0.0,0.004104183186760535,0.004104183186760535,1
2026-05-06 09:00:00,81945.66,82060.0,81682.7,81997.0,1096.7335,57.07973743444008,262.9200886175531,249.1476476348953,13.772440982657827,81423.3815,81951.8671386166,80894.89586138341,81423.3815,81373.19360535021,439.865714285714,0.0006265127402720339,723.4616725,1.5159524570391116,0.008187519903210427,0.013490797661271925,0.002830399666061745,1,1,0,1,0.6,0.003475493005841601,0.003475493005841601,1
2026-05-06 10:00:00,81997.0,82292.65,81953.25,82281.98,777.95614,60.57965031892075,304.22747326726676,260.16361276136956,44.063860505897196,81470.651,82121.42084219717,80819.88115780283,81470.651,81459.74469055496,445.5464285714282,0.003475493005841601,698.213793,1.114209068625489,0.011667834704240487,0.015450695365827993,0.0029101418492517425,1,1,0,1,0.6,0.0,0.0,1
